,title,score
0,Avatar,7.178368119357613
1,Pirates of the Caribbean: At World's End,6.859907141809687
2,Spectre,6.289610788442644
3,The Dark Knight Rises,7.562066193819599
4,John Carter,6.099220142631992
5,Spider-Man 3,5.911849991201489
6,Tangled,7.313789710089446
7,Avengers: Age of Ultron,7.259463055765334
8,Harry Potter and the Half-Blood Prince,7.344403096322155
9,Batman v Superman: Dawn of Justice,5.712731083916131
10,Superman Returns,5.499486432091055
11,Quantum of Solace,6.099425098896522
12,Pirates of the Caribbean: Dead Man's Chest,6.96107650364329
13,The Lone Ranger,5.9177377519516385
14,Man of Steel,6.485465622758397
15,The Chronicles of Narnia: Prince Caspian,6.273812502128082
16,The Avengers,7.374411815541493
17,Pirates of the Caribbean: On Stranger Tides,6.3860428933955
18,Men in Black 3,6.194234429230688
19,The Hobbit: The Battle of the Five Armies,7.052584647941716
20,The Amazing Spider-Man,6.485949320696213
21,Robin Hood,6.1844827412546675
22,The Hobbit: The Desolation of Smaug,7.525543247839645
23,The Golden Compass,5.844642598484313
24,King Kong,6.553600434085875
25,Titanic,7.457568336086811
26,Captain America: Civil War,7.068319999527671
27,Battleship,5.559242365461418
28,Jurassic World,6.489227865175775
29,Skyfall,6.875782665705942
30,Spider-Man 2,6.668648006248655
31,Iron Man 3,6.781601627747912
32,Alice in Wonderland,6.385176294358376
33,X-Men: The Last Stand,6.2870107224651255
34,Monsters University,6.943305957073843
35,Transformers: Revenge of the Fallen,6.006421676984545
36,Transformers: Age of Extinction,5.820618713654316
37,Oz: The Great and Powerful,5.72447817170488
38,The Amazing Spider-Man 2,6.478287339480941
39,TRON: Legacy,6.28412233955425
40,Cars 2,5.830273508143241
41,Green Lantern,5.185657720965787
42,Toy Story 3,7.526668111852002
43,Terminator Salvation,5.916738441982532
44,Furious 7,7.235651851387185
45,World War Z,6.675351219407916
46,X-Men: Days of Future Past,7.447209241498145
47,Star Trek Into Darkness,7.333948058557677
48,Jack the Giant Slayer,5.549121184775458
49,The Great Gatsby,7.229110968149069
50,Prince of Persia: The Sands of Time,6.190070656923539
51,Pacific Rim,6.6715968018430845
52,Transformers: Dark of the Moon,6.099479433069856
53,Indiana Jones and the Kingdom of the Crystal Skull,5.733758357680906
54,The Good Dinosaur,6.539452215357114
55,Brave,6.670705561211827
56,Star Trek Beyond,6.557424301273233
57,WALL·E,7.738548509641536
58,Rush Hour 3,6.098192845254296
59,2012,5.622510766148087
60,A Christmas Carol,6.51027091463825
61,Jupiter Ascending,5.26981695520109
62,The Legend of Tarzan,5.55221775477256
63,"The Chronicles of Narnia: The Lion, the Witch and the Wardrobe",6.6501258088229305
64,X-Men: Apocalypse,6.385403615106714
65,The Dark Knight,8.159521150320247
66,Up,7.646820593450933
67,Monsters vs Aliens,6.013064123322601
68,Iron Man,7.365892832811994
69,Hugo,6.9102105709044075
70,Wild Wild West,5.285785112724201
71,The Mummy: Tomb of the Dragon Emperor,5.329260367736667
72,Suicide Squad,5.905870312812801
73,Evan Almighty,5.434314802647094
74,Edge of Tomorrow,7.530426137142916
75,Waterworld,5.936805473894761
76,G.I. Joe: The Rise of Cobra,5.652644659293979
77,Inside Out,7.934019178288281
78,The Jungle Book,6.654320536126918
79,Iron Man 2,6.583153630218643
80,Snow White and the Huntsman,5.820477278994593
81,Maleficent,6.95490600644026
82,Dawn of the Planet of the Apes,7.238893501930867
84,47 Ronin,5.928930375700752
85,Captain America: The Winter Soldier,7.540933541668423
86,Shrek Forever After,6.009872523458921
87,Tomorrowland,6.191775500314468
88,Big Hero 6,7.736995340105003
89,Wreck-It Ralph,7.050709743281763
90,The Polar Express,6.357671337898697
91,Independence Day: Resurgence,5.002773410296726
92,How to Train Your Dragon,7.42585394811046
93,Terminator 3: Rise of the Machines,5.9189908816101235
94,Guardians of the Galaxy,7.85741809326139
95,Interstellar,8.057499578136271
96,Inception,8.066265840885743
98,The Hobbit: An Unexpected Journey,6.974995348859455
99,The Fast and the Furious,6.567420233816236
100,The Curious Case of Benjamin Button,7.21952376423841
101,X-Men: First Class,7.056270368624237
102,The Hunger Games: Mockingjay - Part 2,6.571713751236993
103,The Sorcerer's Apprentice,5.84026998033365
104,Poseidon,5.6701226362700154
105,Alice Through the Looking Glass,6.451102202280037
106,Shrek the Third,6.0086193061953335
107,Warcraft,6.280487541537704
108,Terminator Genisys,5.8177600404730665
109,The Chronicles of Narnia: The Voyage of the Dawn Treader,6.185511901926171
110,Pearl Harbor,6.541095911386412
111,Transformers,6.572084284554122
112,Alexander,5.699535556341543
113,Harry Potter and the Order of the Phoenix,7.346353694618411
114,Harry Potter and the Goblet of Fire,7.443378455668128
115,Hancock,6.192071438194265
116,I Am Legend,6.862688741444354
117,Charlie and the Chocolate Factory,6.662985311342025
118,Ratatouille,7.428140815914177
119,Batman Begins,7.456434068536854
120,Madagascar: Escape 2 Africa,6.187608956708495
121,Night at the Museum: Battle of the Smithsonian,5.920471584981358
122,X-Men Origins: Wolverine,6.194046126989867
123,The Matrix Revolutions,6.378282892965738
124,Frozen,7.248672751621857
125,The Matrix Reloaded,6.661163761954561
126,Thor: The Dark World,6.766665394081938
127,Mad Max: Fury Road,7.173055300814415
128,Angels & Demons,6.459458678709337
129,Thor,6.582346200661076
130,Bolt,6.275395625425125
131,G-Force,5.412966867743453
132,Wrath of the Titans,5.583529601722012
133,Dark Shadows,5.736070573960419
134,Mission: Impossible - Rogue Nation,7.031529435232399
135,The Wolfman,5.677500403659277
136,Bee Movie,5.765547878000621
137,Kung Fu Panda 2,6.632463506604668
138,The Last Airbender,4.936046404378697
139,Mission: Impossible III,6.457649278156815
140,White House Down,6.365973808310853
142,Flushed Away,6.019531394471482
143,Pan,5.937981763220247
144,Mr. Peabody & Sherman,6.567495655351459
145,Troy,6.836593292073772
146,Madagascar 3: Europe's Most Wanted,6.3645914422265655
147,Die Another Day,5.851741007135548
148,Ghostbusters,5.37831733970083
149,Armageddon,6.373375162483943
150,Men in Black II,6.006467696765862
151,Beowulf,5.62933114913464
152,Kung Fu Panda 3,6.622285264672945
153,Mission: Impossible - Ghost Protocol,6.760461211425926
154,Rise of the Guardians,6.990199497667534
155,Fun with Dick and Jane,5.9523901583165575
156,The Last Samurai,7.166741932614493
157,Exodus: Gods and Kings,5.6536457868594026
158,Star Trek,7.335337748047312
159,Spider-Man,6.769756421176159
160,How to Train Your Dragon 2,7.493942028275628
161,Gods of Egypt,5.423121902426503
162,Stealth,5.3949828912877615
163,Watchmen,6.929960707967457
164,Lethal Weapon 4,6.251257800867138
165,Hulk,5.40529429664529
166,G.I. Joe: Retaliation,5.449895802597814
167,Sahara,5.837758320581274
168,Final Fantasy: The Spirits Within,5.96760526417496
169,Captain America: The First Avenger,6.58361168861149
170,The World Is Not Enough,6.0197450469178415
171,Master and Commander: The Far Side of the World,6.714790552652559
172,The Twilight Saga: Breaking Dawn - Part 2,6.099340142205477
173,Happy Feet Two,5.912928152086962
174,The Incredible Hulk,6.099434986630488
175,The BFG,6.01753871778856
176,The Revenant,7.257195040939356
177,Turbo,6.098594588593485
178,Rango,6.547795414028378
179,Penguins of Madagascar,6.4393803393225
180,The Bourne Ultimatum,7.209113133675592
181,Kung Fu Panda,6.843834413156472
182,Ant-Man,6.965112071376757
183,The Hunger Games: Catching Fire,7.35433288506224
184,Home,6.705165516800953
185,War of the Worlds,6.190090072924862
186,Bad Boys II,6.272851760127223
187,Puss in Boots,6.294548566281156
188,Salt,6.1891152562151515
189,Noah,5.644742869040183
190,The Adventures of Tintin,6.637787594280868
191,Harry Potter and the Prisoner of Azkaban,7.638180680050535
192,Australia,6.247427681882533
193,After Earth,5.092757613469054
194,Dinosaur,6.167387794683234
195,Night at the Museum: Secret of the Tomb,6.099118080761683
196,Megamind,6.633655511597247
197,Harry Potter and the Philosopher's Stone,7.454310221857322
198,R.I.P.D.,5.508802887270149
199,Pirates of the Caribbean: The Curse of the Black Pearl,7.454177329150814
200,The Hunger Games: Mockingjay - Part 1,6.579491375918349
201,The Da Vinci Code,6.467390376478011
202,Rio 2,6.259736452159005
203,X2,6.755536037548482
204,Fast Five,7.01139555423452
205,Sherlock Holmes: A Game of Shadows,6.948231088684512
206,Clash of the Titans,5.646863985603271
207,Total Recall,6.978231525176798
208,The 13th Warrior,6.302899753649494
209,The Bourne Legacy,6.007505307161772
210,Batman & Robin,4.469002006333256
211,How the Grinch Stole Christmas,6.184367869505782
212,The Day After Tomorrow,6.190354136455605
213,Mission: Impossible II,5.920878555926432
214,The Perfect Storm,6.16954364960201
215,Fantastic 4: Rise of the Silver Surfer,5.457599262205692
216,Life of Pi,7.156840238141392
217,Ghost Rider,5.307683778361003
218,Jason Bourne,5.917531178753444
219,Charlie's Angels: Full Throttle,5.382471989964206
220,Prometheus,6.29081097205435
221,Stuart Little 2,5.591816410930274
222,Elysium,6.380310374651299
223,The Chronicles of Riddick,6.272942003583863
224,RoboCop,5.735762637356955
225,Speed Racer,5.856469128130514
227,Knight and Day,5.925342489600939
228,Oblivion,6.385632634849826
229,Star Wars: Episode III - Revenge of the Sith,7.045566609163152
230,Star Wars: Episode II - Attack of the Clones,6.38288628258076
231,"Monsters, Inc.",7.446904239523169
232,The Wolverine,6.28861014843024
233,Star Wars: Episode I - The Phantom Menace,6.289535101021828
234,The Croods,6.736849019160544
235,Asterix at the Olympic Games,5.363541524743445
236,Windtalkers,5.919201938314014
237,The Huntsman: Winter's War,6.012320999129051
238,Teenage Mutant Ninja Turtles,5.823915122420367
239,Gravity,7.252582745818388
240,Dante's Peak,5.839005002215495
241,Teenage Mutant Ninja Turtles: Out of the Shadows,5.857312451142631
242,Fantastic Four,4.558241271973288
243,Night at the Museum,6.284230002088754
244,San Andreas,6.006762509044294
245,Tomorrow Never Dies,6.018672686611097
246,The Patriot,6.675307583559874
247,Ocean's Twelve,6.3693345979096545
248,Mr. & Mrs. Smith,6.470050098896523
249,Insurgent,6.193764841650806
250,The Aviator,6.87625308379865
251,Gulliver's Travels,5.227290089332795
252,The Green Hornet,5.593647588471651
253,300: Rise of an Empire,6.099301032093036
254,The Smurfs,5.598416065395242
255,Home on the Range,5.847692814853962
256,Allegiant,5.9202240557406505
257,Real Steel,6.559227986494319
258,The Smurfs 2,5.649634748891261
259,Speed 2: Cruise Control,4.799791205484114
260,Ender's Game,6.552978848096482
261,Live Free or Die Hard,6.36887276956492
262,The Lord of the Rings: The Fellowship of the Ring,7.949850147256027
263,Around the World in 80 Days,5.801610051233597
264,Ali,6.490557648781339
265,The Cat in the Hat,5.3661569325605205
266,"I, Robot",6.6645383109406335
267,Kingdom of Heaven,6.514267468727638
268,Stuart Little,5.857504452653997
269,The Princess and the Frog,6.603616947684799
270,The Martian,7.552773599422746
271,The Island,6.45219965908672
273,Gone in Sixty Seconds,6.09893041655167
274,Gladiator,7.825125187957151
275,Minority Report,7.016693744800869
276,Harry Potter and the Chamber of Secrets,7.3492000523089045
277,Casino Royale,7.230601544368918
278,Planet of the Apes,5.678254611954582
279,Terminator 2: Judgment Day,7.614515908703365
280,Public Enemies,6.439303556978387
281,American Gangster,7.22306293406383
282,True Lies,6.676876622108714
283,The Taking of Pelham 1 2 3,6.178688239250524
284,Little Fockers,5.525606421983686
285,The Other Guys,6.09886298916494
286,Eraser,5.74866364584688
287,Django Unchained,7.761163181388511
288,The Hunchback of Notre Dame,6.678050085387737
289,The Emperor's New Groove,7.049078444329782
290,The Expendables 2,6.0994124294055805
291,National Treasure,6.366524903502486
292,Eragon,5.13307846628026
293,Where the Wild Things Are,6.310359747792903
294,Epic,6.346652150788254
295,The Tourist,6.011199749983905
296,End of Days,5.694086912787828
297,Blood Diamond,7.187186135321491
298,The Wolf of Wall Street,7.837578653609884
299,Batman Forever,5.320981140489828
300,Starship Troopers,6.6204235746344695
301,Cloud Atlas,6.562845677605502
302,Legend of the Guardians: The Owls of Ga'Hoole,6.39782549730157
303,Catwoman,4.62632820370937
304,Hercules,5.660397032098627
305,Treasure Planet,6.979932642830831
306,Land of the Lost,5.602208305955962
307,The Expendables 3,6.099093751955109
308,Point Break,5.636699721482194
309,Son of the Mask,4.622094793139394
310,In the Heart of the Sea,6.436572016193828
312,Green Zone,6.3240129374673035
313,The Peanuts Movie,6.385769149545736
315,The Mummy Returns,6.0088735421830695
316,Gangs of New York,6.989585229123017
318,Surf's Up,5.954019517307264
319,The Stepford Wives,5.685870503460233
320,Black Hawk Down,7.072756752917337
321,The Campaign,5.742263611892833
322,The Fifth Element,7.231106872929338
323,Sex and the City 2,5.6460821731753
324,The Road to El Dorado,6.804812732359444
325,Ice Age: Continental Drift,6.191283218599544
326,Cinderella,6.645251175342612
327,The Lovely Bones,6.508200243437594
328,Finding Nemo,7.544259920791076
329,The Lord of the Rings: The Return of the King,8.043144995357135
330,The Lord of the Rings: The Two Towers,7.941939952922672
331,Seventh Son,5.3758895272389875
332,Lara Croft: Tomb Raider,5.737972936328337
333,Transcendence,5.917849927458052
334,Jurassic Park III,5.739861728576502
335,Rise of the Planet of the Apes,6.953439615117607
336,The Spiderwick Chronicles,6.239479946058083
337,A Good Day to Die Hard,5.256239355275985
339,The Incredibles,7.342947896133075
341,Percy Jackson & the Olympians: The Lightning Thief,6.009648247870322
342,Men in Black,6.859147905416156
343,Toy Story 2,7.229760038720334
344,Unstoppable,6.26511451176348
345,Rush Hour 2,6.343879221465379
346,What Lies Beneath,6.232448570496366
347,Cloudy with a Chance of Meatballs,6.4516449629005415
348,Ice Age: Dawn of the Dinosaurs,6.461755912397795
349,The Secret Life of Walter Mitty,6.936863070869746
350,Charlie's Angels,5.678841388186007
351,The Departed,7.807118565034735
352,Mulan,7.442024215991472
353,Tropic Thunder,6.449611102244412
354,The Girl with the Dragon Tattoo,7.1024579679538675
355,Die Hard: With a Vengeance,6.817496878082952
356,Sherlock Holmes,6.964449311192947
357,Ben-Hur,5.517477005220646
358,Atlantis: The Lost Empire,6.602097543844327
359,Alvin and the Chipmunks: The Road Chip,5.903560055005841
360,Valkyrie,6.598551361128461
361,You Don't Mess with the Zohan,5.6084647829063705
362,Pixels,5.642088907011962
363,A.I. Artificial Intelligence,6.724699102068299
364,The Haunted Mansion,5.4990874699983925
365,Contact,7.031276938735498
366,Hollow Man,5.733095876258772
367,The Interpreter,6.159585831688792
368,Percy Jackson: Sea of Monsters,5.9239831739080575
369,Lara Croft Tomb Raider: The Cradle of Life,5.584186519339911
370,Now You See Me 2,6.658835826071722
371,The Saint,5.984097423591941
372,Spy Game,6.595651494433504
373,Mission to Mars,5.852583305412041
374,Rio,6.460083430432683
375,Bicentennial Man,6.741536157319594
376,Volcano,5.543142907477697
377,The Devil's Own,5.986019650416901
378,K-19: The Widowmaker,6.096313259456658
379,Conan the Barbarian,6.465152899964828
380,Cinderella Man,6.966463356602671
383,Twister,6.098447524446306
384,Cast Away,7.404187754552236
385,Happy Feet,5.927453079920287
386,The Bourne Supremacy,7.114921672048651
387,Air Force One,6.176428201366393
388,Ocean's Eleven,7.135206649195837
389,The Three Musketeers,5.699793197988674
390,Hotel Transylvania,6.740614179389101
391,Enchanted,6.529133204553962
392,Safe House,6.269088807891691
393,102 Dalmatians,5.525475030052688
394,Tower Heist,5.85883488986193
395,The Holiday,6.602164600321146
396,Enemy of the State,6.603159536589066
397,It's Complicated,6.15741229658634
398,Ocean's Thirteen,6.457099514981591
399,Open Season,6.0979352597854914
400,Divergent,6.861241387600832
401,Enemy at the Gates,6.989027809131988
402,The Rundown,6.303418313042554
403,Last Action Hero,6.098057356355726
404,Memoirs of a Geisha,6.980000356785651
405,The Fast and the Furious: Tokyo Drift,6.099051709520037
406,Arthur Christmas,6.448521683924072
407,Meet Joe Black,6.762634092958663
408,Collateral Damage,5.710211958412194
410,Mirror Mirror,5.603158129332003
411,Scott Pilgrim vs. the World,7.089733297953779
412,The Core,5.616591633114345
413,Nutty Professor II: The Klumps,5.2770023218145905
414,Scooby-Doo,5.554180394757226
415,Dredd,6.545131179985688
416,Click,6.009260502979424
419,Jumper,5.922202712128256
420,Hellboy II: The Golden Army,6.44560744407995
421,Zodiac,7.17429597717842
422,The 6th Day,5.811036525866112
423,Bruce Almighty,6.377721070671042
424,The Expendables,6.006852362059118
425,Mission: Impossible,6.6501606128642266
426,The Hunger Games,6.880408701389976
427,The Hangover Part II,6.193623632729962
428,Batman Returns,6.537452996052869
429,Over the Hedge,6.262689317394097
430,Lilo & Stitch,6.947101560018639
431,Charlotte's Web,5.931281675848705
432,Deep Impact,5.941431482998966
433,RED 2,6.358921247284994
434,The Longest Yard,6.175157173008699
435,Alvin and the Chipmunks: Chipwrecked,5.626231316368391
436,Grown Ups 2,5.849395911128686
437,Get Smart,6.016843169882483
438,Something's Gotta Give,6.224279560416857
439,Shutter Island,7.738922586587867
440,Four Christmases,5.6289051527718605
441,Robots,6.013813977339843
442,Face/Off,6.708504024460327
443,Bedtime Stories,5.939753799708515
444,Road to Perdition,7.083658777796397
445,Just Go with It,6.2725311116247875
446,Con Air,6.436319147155397
447,Eagle Eye,6.261021800853051
448,Cold Mountain,6.514010828735511
449,The Book of Eli,6.550254404530585
450,Flubber,5.500172383299863
451,The Haunting,5.547119729253101
452,Space Jam,6.437071777064263
453,The Pink Panther,5.747337982762895
454,The Day the Earth Stood Still,5.364053455765941
455,Conspiracy Theory,6.356096571274584
456,Fury,7.326491345723241
457,Six Days Seven Nights,5.8039864487987165
459,Spirit: Stallion of the Cimarron,7.1116888522222075
460,Zookeeper,5.553970418102146
461,Lost in Space,5.411974825792734
462,The Manchurian Candidate,6.159650185459989
464,Hotel Transylvania 2,6.617529051079026
465,Fantasia 2000,6.595180866164844
466,The Time Machine,5.879284430102624
468,Swordfish,6.098423578807945
469,The Legend of Zorro,5.940035741550419
470,What Dreams May Come,6.595148172991223
471,Little Nicky,5.511530930860138
472,The Brothers Grimm,5.7098388570454635
473,Mars Attacks!,6.0989451355899496
475,The Edge,6.455411500802865
476,Surrogates,5.931580640887324
478,Daylight,5.912007041547916
480,Battlefield Earth,4.482980237691577
481,Looney Tunes: Back in Action,5.817406609903896
483,Timeline,5.694141621101036
484,The Postman,6.096554899754443
485,Babe: Pig in the City,5.588259845312727
486,The Last Witch Hunter,5.75941993324879
487,Red Planet,5.72402453479855
488,Arthur and the Invisibles,6.024782970788184
491,Pompeii,5.339587427742259
493,A Beautiful Mind,7.583526608036028
494,The Lion King,7.920096295931005
495,Journey 2: The Mysterious Island,5.854276930014919
496,Cloudy with a Chance of Meatballs 2,6.337095927364237
497,Red Dragon,6.5941928270139805
498,Hidalgo,6.326691349853297
499,Jack and Jill,4.657997993407476
500,2 Fast 2 Furious,6.18880261443609
501,The Little Prince,7.24244229714316
502,The Invasion,5.855152047927395
504,The Secret Life of Pets,5.912215395312111
505,The League of Extraordinary Gentlemen,5.76630238594883
506,Despicable Me 2,6.956211066598701
507,Independence Day,6.659130276529005
508,The Lost World: Jurassic Park,6.190690784889373
509,Madagascar,6.565627971333201
510,Children of Men,7.2667217330741
511,X-Men,6.7616021044480314
512,Wanted,6.373818427965571
513,The Rock,6.787735255156045
514,Ice Age: The Meltdown,6.469918492300336
515,50 First Dates,6.549000135243109
516,Hairspray,6.398474911513636
518,Inspector Gadget,5.061591892348775
519,Now You See Me,7.250395022102214
520,Grown Ups,6.011165111581893
521,The Terminal,6.900540940078729
523,Vertical Limit,5.987182078125237
524,Charlie Wilson's War,6.332740517397683
525,Shark Tale,5.83831490874379
526,Dreamgirls,6.370058413234823
527,Be Cool,5.708653351933345
528,Munich,6.696090565487511
529,Tears of the Sun,6.310470688699099
530,Killers,5.791519678717848
531,The Man from U.N.C.L.E.,7.005264126587549
532,Spanglish,5.913676020643829
533,Monster House,6.25596060998095
534,Bandits,6.1528125073908235
535,First Knight,5.982711202323943
537,Immortals,5.782654992348765
538,Hostage,6.166078067562078
539,Titan A.E.,6.210876489906703
542,Carriers,5.932805254291823
544,Flight of the Phoenix,5.880352869802099
545,Unbreakable,6.812957504112276
546,Minions,6.384948047538259
547,Sucker Punch,5.924305875386907
548,Snake Eyes,5.922171381617211
549,Sphere,5.896568658887302
550,The Angry Birds Movie,5.935927061629971
551,Fool's Gold,5.6395586398657915
552,Funny People,5.847456506350197
553,The Kingdom,6.371872080840738
554,Talladega Nights: The Ballad of Ricky Bobby,6.165096854640321
555,Dr. Dolittle 2,5.334357079796702
556,Braveheart,7.594192191674286
557,Jarhead,6.480660316468872
558,The Simpsons Movie,6.824033740083583
562,The Village,6.180597485810775
563,Doctor Dolittle,5.576612721464574
564,Signs,6.360556333952493
565,Shrek 2,6.655681140697758
566,Cars,6.570977703421418
567,Runaway Bride,5.833565676041845
568,xXx,5.841386568094559
569,The SpongeBob Movie: Sponge Out of Water,5.871970981623556
570,Ransom,6.297390519814003
571,Inglourious Basterds,7.836258111998331
572,Hook,6.532461978759973
573,Die Hard 2,6.543998271454187
574,S.W.A.T.,5.868318722854599
575,Vanilla Sky,6.4270070955589285
576,Lady in the Water,5.589068814392659
577,AVP: Alien vs. Predator,5.595840438339444
578,Alvin and the Chipmunks: The Squeakquel,5.580533092640258
579,We Were Soldiers,6.511058619667821
580,Olympus Has Fallen,6.192120745170669
581,Star Trek: Insurrection,6.221981336212256
582,Battle: Los Angeles,5.582685868371285
583,Big Fish,7.44103199482677
585,War Horse,6.826129027276995
586,The Monuments Men,5.839055925181384
587,The Abyss,6.872924560372841
588,Wall Street: Money Never Sleeps,5.894313621523177
589,Dracula Untold,6.190343108410393
590,The Siege,6.036900028056001
591,Stardust,6.93309395099991
592,Seven Years in Tibet,6.753364527709679
593,The Dilemma,5.588980178977501
595,Doom,5.3040999010294705
596,I Spy,5.615992691406493
597,Underworld: Awakening,6.099122706947483
598,Rock of Ages,6.034935994304633
599,Hart's War,5.994874614430405
600,Killer Elite,6.098021845665454
606,Blackhat,5.3197552464362605
607,Sky Captain and the World of Tomorrow,5.836736374582897
609,Escape Plan,6.62458306043763
610,The Legend of Hercules,4.917786870402178
611,The Sum of All Fears,5.967202851888204
612,The Twilight Saga: Eclipse,5.827074257282679
613,The Score,6.482918414086433
614,Despicable Me,7.0647192486919215
616,Ted 2,6.1906079749699305
617,Agora,6.598667168998212
618,Mystery Men,5.89002127106984
619,Hall Pass,5.5922698776227815
620,The Insider,6.9035758609900455
621,The Finest Hours,6.240656520618314
622,Body of Lies,6.415186120768913
623,Dinner for Schmucks,5.681671431421504
624,Abraham Lincoln: Vampire Hunter,5.592526806162814
625,Entrapment,6.025878514299729
626,The X Files,6.434938197052383
628,Saving Private Ryan,7.819583629844572
629,Need for Speed,6.09895174727571
630,What Women Want,6.098500665418804
631,Ice Age,7.042121289459646
632,Dreamcatcher,5.532120095347722
633,Lincoln,6.614158844031774
634,The Matrix,7.853528802939059
635,Apollo 13,7.145234632752929
636,The Santa Clause 2,5.761579542234723
637,Les Misérables,6.988230446658269
638,You've Got Mail,6.254483053559061
639,Step Brothers,6.426106643383864
640,The Mask of Zorro,6.26555734588778
641,Due Date,6.1868022481608715
642,Unbroken,7.126397747075763
643,Space Cowboys,6.223448771894785
644,Cliffhanger,6.097764661566067
645,Broken Arrow,5.833953948355919
646,The Kid,6.045793480906708
647,World Trade Center,5.9662174728282595
648,Mona Lisa Smile,6.347389038963173
649,The Dictator,5.922831302562625
650,Eyes Wide Shut,6.938774892082282
651,Annie,6.030899167573285
652,Focus,6.648563311656058
653,This Means War,5.9278080766433945
654,Blade: Trinity,5.761977347995207
657,Resident Evil: Retribution,5.663030145214644
658,Death Race,6.015361926573668
659,The Long Kiss Goodnight,6.325428627447856
661,Zathura: A Space Adventure,6.0981857164387305
662,Fight Club,8.246223084211119
664,Hudson Hawk,5.722738723152525
666,"I, Frankenstein",5.278373445194005
667,Oliver Twist,6.4193719380527945
668,Elektra,5.174889279591201
669,Sin City: A Dame to Kill For,6.2678897544174035
671,Everest,6.628829255839
672,Perfume: The Story of a Murderer,6.9308287974777665
673,Austin Powers in Goldmember,5.937199601704179
674,Astro Boy,6.09714334855415
675,Jurassic Park,7.530398805042009
677,Clear and Present Danger,6.283510976600439
679,Little Man,5.675323218687243
680,U-571,6.096800550380648
682,The Love Guru,5.182935673938935
684,The Hateful Eight,7.5214150180680575
685,Blades of Glory,5.956169547846857
686,Hop,5.74586628351391
687,300,6.959224066603378
688,Meet the Fockers,6.098855918202035
689,Marley & Me,6.779696018041111
690,The Green Mile,8.08434749392222
691,Wild Hogs,5.730985635865088
692,Chicken Little,5.698100353239078
693,Gone Girl,7.830319881329978
694,The Bourne Identity,7.225657495146378
695,GoldenEye,6.515301856968681
697,The Truman Show,7.71589696489289
698,The Prince of Egypt,6.64188243010349
699,Daddy Day Care,5.756086796854079
700,2 Guns,6.5345725419237235
701,Cats & Dogs,5.437240743558556
702,The Italian Job,6.544596247200033
703,Two Weeks Notice,5.962548914776832
704,Antz,6.014373136342981
705,Couples Retreat,5.526197225357075
706,Days of Thunder,5.976803259300803
707,Cheaper by the Dozen 2,5.8211042266345245
708,Maze Runner: The Scorch Trials,6.3779115470133965
709,Eat Pray Love,5.878829295601461
710,The Family Man,6.373227931837134
711,RED,6.560782226904
712,Any Given Sunday,6.546819355355971
713,The Horse Whisperer,6.428956957246438
714,Collateral,6.873464007395535
715,The Scorpion King,5.483590055689223
717,Jack Reacher,6.284893385854894
718,Deep Blue Sea,5.737854965993888
719,This Is It,6.403652108856582
720,Contagion,6.183756613121073
722,Coraline,7.1248984062115195
723,The Happening,5.13642220799061
724,Man on Fire,7.141252973416595
726,Starsky & Hutch,5.731581702467431
727,Jingle All the Way,5.671802859838115
728,Hellboy,6.461040779052388
730,ParaNorman,6.560508121551633
731,The Jackal,6.097585717150751
732,Paycheck,5.955343525084403
734,The Tale of Despereaux,5.939270418800959
735,The Tuxedo,5.559276206781159
737,Jack Ryan: Shadow Recruit,5.932074088401189
738,Joy,6.360165372504886
739,London Has Fallen,5.836993704994004
740,Alien: Resurrection,5.928225197793046
741,Shooter,6.788132184130155
742,The Boxtrolls,6.467840882025329
743,Practical Magic,6.2147649502074565
744,The Lego Movie,7.399897221321898
745,Miss Congeniality 2: Armed and Fabulous,5.582061085558898
746,Reign of Fire,6.023960527067336
747,Gangster Squad,6.187411980362084
748,Year One,5.06200305200115
749,Invictus,6.843132585638877
750,State of Play,6.501335627912201
754,Planet 51,5.74622037480262
755,Star Trek: Nemesis,6.09742341242139
756,Intolerable Cruelty,5.909681016723438
757,Trouble with the Curve,6.4014314749898045
758,Edge of Darkness,6.1649034854139515
760,Analyze That,5.849854173120119
761,Righteous Kill,5.974033305686676
762,Mercury Rising,6.035920922833951
764,The Legend of Bagger Vance,6.199506824010026
765,Almost Famous,7.1021902291365056
766,Garfield: A Tail of Two Kitties,5.433562684504825
767,xXx: State of the Union,5.117296322026624
768,Priest,5.575469597053801
769,Sinbad: Legend of the Seven Seas,6.403394261068982
770,Event Horizon,6.401904111022387
772,The Black Dahlia,5.8765523304001395
773,Flyboys,6.20347888630212
774,The Last Castle,6.589731377824755
776,Winter's Tale,6.0300004383225385
777,The Mortal Instruments: City of Bones,6.186205942552463
778,Meet Dave,5.423531875361176
779,Dark Water,5.6657373604496515
781,Inkheart,6.02619143466611
782,The Spirit,5.289478047691663
783,Mortdecai,5.526093268580522
788,Deadpool,7.3726322632652606
790,American Sniper,7.334664182922806
791,Goosebumps,6.1793986312755065
792,Just Like Heaven,6.382260831042841
794,Rambo III,5.799632774560944
796,The Ridiculous 6,5.349695532052765
797,Did You Hear About the Morgans?,5.556282419704251
798,The Internship,6.0990281650654365
799,Resident Evil: Afterlife,5.842966405800295
801,The Devil's Advocate,7.038197834971332
802,That's My Boy,5.702267901844292
803,DragonHeart,6.306052359050484
805,Ghost Rider: Spirit of Vengeance,4.938803150707207
807,The Pacifier,5.863751454474348
808,Walking Tall,6.035162851410508
809,Forrest Gump,8.139311482047153
810,Alvin and the Chipmunks,5.598555464921297
811,Meet the Parents,6.538261932989587
812,Pocahontas,6.615579383255835
813,Superman,6.74897399878192
814,The Nutty Professor,5.573596922592181
815,Hitch,6.361926482352038
816,George of the Jungle,5.622517532789155
817,American Wedding,6.015879997411197
818,Captain Phillips,7.468226224049413
819,Date Night,5.93327952576925
820,Casper,6.017272979640249
821,The Equalizer,7.025732303690458
822,Maid in Manhattan,5.76063932842899
823,Crimson Tide,6.708949954254942
824,The Pursuit of Happyness,7.563101563937997
825,Flightplan,6.098173104735722
827,City of Angels,6.305314550351929
828,Kill Bill: Vol. 1,7.627114258578101
829,Bowfinger,6.044295125703217
830,Kill Bill: Vol. 2,7.515290537047303
831,Tango & Cash,6.097345334009917
832,Death Becomes Her,6.243926884579647
833,Shanghai Noon,6.173876614916364
834,Executive Decision,5.939837711749231
835,Mr. Popper's Penguins,5.793468880800074
836,The Forbidden Kingdom,6.229828040903552
837,Free Birds,5.888466904844321
838,Alien³,6.186434858923381
840,Ronin,6.540045147221582
841,The Ghost and the Darkness,6.246412561505037
842,Paddington,6.80917738503477
843,The Watch,5.4668103194165525
847,Semi-Pro,5.734692009195212
848,The Pirates! In an Adventure with Scientists!,6.28121562638567
849,Changeling,7.0922110662290425
850,Chain Reaction,5.658690397820564
852,The Phantom of the Opera,6.683001956120167
853,Elizabeth: The Golden Age,6.3781790268938146
854,Æon Flux,5.573411851246133
858,Muppets Most Wanted,6.154011463645867
860,Burlesque,6.665049896619892
861,A Very Long Engagement,6.692358548139196
862,Lolita,6.849460819791862
864,Blade II,6.1856269520526785
865,Seven Pounds,7.354512012519293
866,Bullet to the Head,5.4928216710459115
867,The Godfather: Part III,6.967018706608013
868,Elizabethtown,6.096726541759559
869,"You, Me and Dupree",5.653364978923478
870,Superman II,6.389074440357492
873,Shaft,5.756280509150779
874,Anastasia,7.215633063268671
875,Moulin Rouge!,7.1997787077973125
877,Black Mass,6.2669331865056686
878,Flags of Our Fathers,6.512300021641095
879,Law Abiding Citizen,7.048727667907538
880,Grindhouse,6.560317458888866
883,Catch Me If You Can,7.606243254706916
884,Zero Dark Thirty,6.6262572619870275
885,The Break-Up,5.708397672416938
886,Mamma Mia!,6.3553734216340985
887,Valentine's Day,5.773846407426982
888,The Dukes of Hazzard,5.523158469090513
889,The Thin Red Line,6.941213038239436
890,The Change-Up,5.946509079782568
891,Man on the Moon,6.616657188759511
892,Casino,7.539727831691875
893,From Paris with Love,6.097978369746014
894,Bulletproof Monk,5.554503540874995
895,"Me, Myself & Irene",6.098416795584228
898,The Twilight Saga: New Moon,5.643302252515489
899,Shrek,7.2338523226448075
900,The Adjustment Bureau,6.449210554567499
901,Robin Hood: Prince of Thieves,6.4956820948154474
902,Jerry Maguire,6.575575188561736
903,Ted,6.290097387767411
904,As Good as It Gets,6.973617666494672
905,Patch Adams,6.800056529024248
906,Anchorman 2: The Legend Continues,6.018704936501617
907,Mr. Deeds,5.731581702467431
908,Super 8,6.555303489314184
909,Erin Brockovich,6.850957220261695
910,How to Lose a Guy in 10 Days,6.254986466791587
911,22 Jump Street,6.939971951735754
912,Interview with the Vampire,7.051319426881138
913,Yes Man,6.364677888900817
914,Central Intelligence,6.186557197065715
915,Stepmom,6.529219368103267
916,Daddy's Home,5.863048959108239
917,Into the Woods,5.6612932254737
918,Inside Man,7.147807140197787
919,Payback,6.517573839679275
921,We Bought a Zoo,6.416224052857406
922,Knowing,5.926240741701843
923,Failure to Launch,5.719495767301061
924,The Ring Two,5.587612821763406
925,"Crazy, Stupid, Love.",6.920336189868884
926,Garfield,5.398730157790401
928,Moneyball,6.8679828691020255
929,Outbreak,6.234706305439669
930,Non-Stop,6.733543873938823
931,Race to Witch Mountain,5.687043436114076
932,V for Vendetta,7.619213238500935
933,Shanghai Knights,6.0233660371832505
935,Herbie Fully Loaded,5.400077627373067
937,Hansel & Gretel: Witch Hunters,5.726528588505721
938,Unfaithful,6.204423319899946
939,I Am Number Four,5.925061218906145
940,Syriana,6.228805126047918
941,13 Hours: The Secret Soldiers of Benghazi,6.818124736972611
942,The Book of Life,7.013293248958458
943,Firewall,5.830399036790583
945,G.I. Jane,6.034381454712497
946,The Game,7.309971462647255
947,Silent Hill,6.2624887223263235
949,American Reunion,6.099003421705781
950,The Negotiator,6.59640185614305
951,Into the Storm,5.865266460521742
952,Beverly Hills Cop III,5.708012431194129
953,Gremlins 2: The New Batch,6.17143214934484
954,The Judge,7.042409392535638
955,The Peacemaker,5.9401230948344335
956,Resident Evil: Apocalypse,6.098775177409369
957,Bridget Jones: The Edge of Reason,6.098132300983626
958,Out of Time,6.096548436151731
960,The Adventures of Sharkboy and Lavagirl,5.189008564422366
961,The Beach,6.266730460809859
963,Ninja Assassin,6.1581853407077105
967,Hereafter,5.892161498615937
968,Murder by Numbers,6.043062259381457
969,Assassins,6.034823659917802
970,Hannibal Rising,6.024364810426179
972,The Host,6.010555709780152
973,Basic,6.1513633713414055
975,The International,6.035920922833951
976,Escape from L.A.,5.790230783665908
977,The Iron Giant,7.38794752631291
978,The Life Aquatic with Steve Zissou,6.865505263830567
979,Free State of Jones,6.420000477328617
980,The Life of David Gale,6.9030214216347865
982,Run All Night,6.264685695205259
983,Eastern Promises,6.9596124805806765
984,Into the Blue,5.899076935741519
985,The Messenger: The Story of Joan of Arc,6.157907502439988
986,Your Highness,5.484864560419664
987,Dream House,5.909681016723438
989,Baby's Day Out,5.9348925667364885
991,Fair Game,6.296085779721006
992,Domino,6.031900318805409
994,Gamer,5.716241524089319
995,Beautiful Creatures,5.69488130965453
997,Zoolander 2,5.017015810531854
1000,Drive Angry,5.522946486789069
1002,The One,5.83714332807868
1004,The Boat That Rocked,6.91105473525957
1005,Traffic,6.661807172482902
1006,Indiana Jones and the Last Crusade,7.495382437693792
1007,Anna Karenina,6.39034361152045
1008,Chappie,6.563803553675727
1009,The Bone Collector,6.409670420800069
1010,Panic Room,6.436191955039196
1012,Three Kings,6.4712624773127
1013,Child 44,6.097647463515182
1014,Rat Race,6.028765360516431
1015,K-PAX,6.845333673622443
1016,Kate & Leopold,6.03317046932446
1017,Bedazzled,5.7548330876424
1019,3:10 to Yuma,6.766591930055427
1020,Taken 3,6.099244483149434
1021,Out of Sight,6.331268162797311
1022,The Cable Guy,5.811170466186819
1024,Dick Tracy,5.9929224618701085
1025,The Thomas Crown Affair,6.392091143673994
1027,First Blood,7.0489032597033505
1028,Solaris,7.0617572913325555
1031,My Best Friend's Wedding,6.240366686775181
1032,America's Sweethearts,5.785750136486391
1033,Insomnia,6.6797254638242025
1034,Star Trek: First Contact,6.761897674630438
1035,Jonah Hex,5.0071149869753775
1037,Liar Liar,6.35639560968588
1038,The Infiltrator,6.4523023718674155
1040,The Flintstones,5.329897579008834
1041,Taken 2,6.09938513250965
1042,Scary Movie 3,5.859860781577047
1043,Miss Congeniality,6.098461803067618
1044,Journey to the Center of the Earth,5.844469116883984
1045,The Princess Diaries 2: Royal Engagement,6.023240682906516
1046,The Pelican Brief,6.219406462819922
1047,The Client,6.258986971674215
1048,The Bucket List,6.8415009780600835
1049,Patriot Games,6.226886701300708
1050,Monster-in-Law,5.7804373111838885
1051,Prisoners,7.772036239900263
1052,Training Day,7.148132860603998
1053,Galaxy Quest,6.699111445998807
1054,Scary Movie 2,5.53365679249702
1055,The Muppets,6.369783038680534
1056,Blade,6.455215101153679
1057,Coach Carter,6.911710419246064
1058,Changing Lanes,5.984569881027852
1059,Anaconda,5.087171972152512
1060,Coyote Ugly,5.884765822801078
1061,Love Actually,6.89860281200992
1062,A Bug's Life,6.7344603295779635
1063,From Hell,6.477725734086959
1064,The Specialist,5.75394218333736
1068,The Hitchhiker's Guide to the Galaxy,6.523006655786369
1070,Resident Evil: Extinction,6.09879523016953
1071,Blended,6.503835871449534
1075,Savages,6.1746856308380345
1076,Cellular,6.097616990244654
1077,Johnny English,6.019926694083599
1078,The Ant Bully,5.731547947535562
1079,Dune,6.379749456046264
1080,Across the Universe,6.732806692199803
1081,Revolutionary Road,6.561455205110448
1082,16 Blocks,6.171719103201867
1083,Babylon A.D.,5.578551390196347
1086,Aliens in the Attic,5.6886436669496305
1092,The Ghost Writer,6.542166095545716
1096,Bangkok Dangerous,5.452663697475966
1100,Johnny English Reborn,6.017439868332426
1102,Argo,7.035254323802317
1103,The Fugitive,7.021072382452833
1104,The Bounty Hunter,5.627319594207568
1105,Sleepers,7.001221385756708
1106,Rambo: First Blood Part II,6.255559887596791
1108,Pinocchio,6.780603972621933
1110,Underworld: Evolution,6.358967848252338
1111,Victor Frankenstein,5.725717735292252
1112,Finding Forrester,6.602719397521177
1114,Unleashed,6.441514364500494
1115,The Sweetest Thing,5.6614763426580055
1116,The Firm,6.437853690854447
1117,Charlie St. Cloud,6.5923349768650095
1118,The Mechanic,6.261843997241307
1119,21 Jump Street,6.666850850886255
1120,Notting Hill,6.857488521355292
1121,Chicken Run,6.430801672540703
1122,Along Came Polly,5.868115393322294
1124,The Heat,6.447049898601588
1126,Here Comes the Boom,6.026159802498638
1129,The Mothman Prophecies,6.09659317864606
1130,Brüno,5.616016356532368
1131,Licence to Kill,5.958196284109372
1132,Red Riding Hood,5.699965701355984
1135,Lord of War,6.86411485125406
1136,Hero,6.9007589844469805
1137,One for the Money,5.5988127070126374
1138,The Interview,6.0992754298813985
1141,8 Mile,6.710618117393269
1143,A Knight's Tale,6.495499401461359
1144,The Medallion,5.660775807110218
1145,The Sixth Sense,7.588279218352713
1146,Man on a Ledge,6.178155445231788
1147,The Big Year,5.839462352937625
1148,The Karate Kid,6.7314034782139185
1149,American Hustle,6.745318973198183
1150,The Proposal,6.62994620719415
1151,Double Jeopardy,6.150604905397412
1152,Back to the Future Part II,7.324375077871278
1153,Lucy,6.292010521261062
1154,Fifty Shades of Grey,5.260091807529055
1155,Spy Kids 3-D: Game Over,5.138552703041384
1156,A Time to Kill,6.7132531135334315
1157,Cheaper by the Dozen,6.023190916990227
1158,Lone Survivor,7.225474342117475
1159,A League of Their Own,6.457487803852076
1160,The Conjuring 2,6.902316994720181
1161,The Social Network,7.034682933389098
1162,He's Just Not That Into You,6.178777484479793
1163,Scary Movie 4,5.4889952451460635
1164,Scream 3,5.79491278730059
1165,Back to the Future Part III,7.024453051505222
1166,Get Hard,5.938303915580046
1167,Dracula,6.916545558844982
1168,Julie & Julia,6.4498871905268835
1169,42,6.637241014157409
1170,The Talented Mr. Ripley,6.7870861441805115
1171,Dumb and Dumber To,5.519427545131331
1172,Eight Below,6.516165143460583
1173,The Intern,6.988071983208352
1174,Ride Along 2,6.097671286669458
1175,The Last of the Mohicans,6.855077886730996
1176,Ray,6.82914574995566
1177,Sin City,7.111025398656484
1178,Vantage Point,6.17335469660239
1179,"I Love You, Man",6.372213755291829
1180,Shallow Hal,5.795404054315603
1181,JFK,7.051099479604984
1182,Big Momma's House 2,5.668416363810021
1183,The Mexican,5.901568515486497
1184,17 Again,6.098839316384146
1185,The Other Woman,6.184844686883297
1186,The Final Destination,5.55258941507399
1187,Bridge of Spies,7.107615442323944
1188,Behind Enemy Lines,6.031301035359642
1189,Get Him to the Greek,5.953317965134443
1190,Shall We Dance?,5.984887812911415
1191,Small Soldiers,6.166032595802779
1192,Spawn,5.449492673325521
1193,The Count of Monte Cristo,6.887442320448942
1194,The Lincoln Lawyer,6.8123661534466775
1195,Unknown,6.436106877645916
1196,The Prestige,7.903082645151074
1197,Horrible Bosses 2,6.098961217656054
1198,Escape from Planet Earth,5.862540240685842
1199,Apocalypto,7.10505516240994
1200,The Living Daylights,6.162459728102034
1201,Predators,6.01503144793121
1203,Secret Window,6.340066542227732
1204,The Lake House,6.394099797203174
1205,The Skeleton Key,6.310470688699099
1206,The Odd Life of Timothy Green,6.345668786584336
1207,Made of Honor,6.034436115212834
1208,Jersey Boys,6.46053125809974
1209,The Rainmaker,6.396085779721005
1210,Gothika,5.879467958876011
1211,Amistad,6.498113097039696
1213,Aliens vs Predator: Requiem,5.187343914327049
1214,Ri¢hie Ri¢h,5.650246640721342
1216,Music and Lyrics,6.167883797805922
1217,Paul,6.452648377702012
1218,The Guilt Trip,5.713411014390892
1219,Scream 4,6.098381984581242
1220,8MM,6.097405241846081
1221,The Doors,6.4199221891546525
1222,Sex Tape,5.396456122522732
1224,Final Destination 5,5.941017544476724
1226,Pay It Forward,6.680150399503557
1228,Drillbit Taylor,5.7728633656252395
1229,A Million Ways to Die in the West,5.840317273322884
1231,Extremely Loud & Incredibly Close,6.698685383317999
1232,Morning Glory,6.097156594233188
1240,The Other Boleyn Girl,6.298399320883249
1241,Sweet November,6.258986971674215
1243,Mean Streets,6.75113847667047
1245,Colombiana,6.409499826693931
1251,Showgirls,5.470591275904018
1252,Marie Antoinette,6.390718718892672
1255,The Impossible,6.9056019099419785
1257,Fantastic Mr. Fox,7.265528218617202
1260,Amélie,7.686787113249329
1262,Alfie,5.839462352937625
1266,Cirque du Freak: The Vampire's Assistant,5.738696940769936
1267,Duplex,5.962985099677647
1271,Pandorum,6.405015179850221
1275,Sunshine,6.849442707458626
1276,A Thousand Words,6.035625520508014
1278,The Gunman,5.7219462782597645
1280,Disturbia,6.503835871449534
1281,Hackers,6.159968904374207
1283,The Hudsucker Proxy,6.635608463664456
1286,Snowpiercer,6.653758600346025
1287,A Monster in Paris,6.325110066549039
1289,The Crow,7.061077707465381
1291,The Time Traveler's Wife,6.561723442854669
1293,Frankenweenie,6.497738060384638
1294,Serenity,7.194970191106654
1296,Superman III,5.556772850301893
1297,Grudge Match,6.032425623456396
1299,Sweet Home Alabama,6.034436115212834
1300,The Ugly Truth,6.340066542227732
1302,Spy Kids 2: The Island of Lost Dreams,5.546243804853006
1303,Star Trek: Generations,6.2947020618178655
1304,The Grandmaster,6.2038588906867576
1305,Water for Elephants,6.5683505220911265
1307,The Hurricane,6.787417300267627
1308,Enough,6.149219071079905
1309,Heartbreakers,5.888466904844321
1310,Paul Blart: Mall Cop 2,5.320025332255452
1313,The Ninth Gate,6.25071676737525
1316,Precious,6.608834841209927
1318,The Thing,7.579846580619239
1319,Riddick,6.188837143818886
1322,City of Ember,6.169833710081991
1323,The Master,6.77207298768042
1326,The 5th Wave,5.653055191040767
1327,Creed,7.167981542543663
1328,The Town,6.8747271382671
1329,What to Expect When You're Expecting,5.882823059672947
1330,Burn After Reading,6.434221219264841
1331,Nim's Island,5.804708524723669
1332,Rush,7.549586113243979
1333,Magnolia,7.1878870910083705
1334,Cop Out,5.5495446601459415
1335,How to Be Single,5.931448688348797
1337,Twilight,5.81808754385376
1338,John Q,6.742654181506481
1339,Blue Streak,6.096865956505745
1340,We're the Millers,6.7481323094695576
1343,Never Say Never Again,5.91982603223189
1344,Hot Tub Time Machine,6.019185399883856
1347,A Man Apart,5.939270418800959
1348,Aloha,5.426170783677317
1351,The Rite,5.886801917154075
1352,Gattaca,7.338061828912811
1356,The Hangover,7.159372708562558
1357,Ip Man 3,6.343909310209891
1358,Austin Powers: The Spy Who Shagged Me,6.179663175336174
1359,Batman,6.908477184242331
1361,Lethal Weapon 3,6.330841602742709
1362,The Blind Side,7.0578931858454546
1363,Spy Kids,5.626279779009867
1364,Horrible Bosses,6.461847259740793
1365,True Grit,7.06319512163367
1366,The Devil Wears Prada,6.935799072064061
1367,Star Trek: The Motion Picture,6.166876230678265
1368,Identity Thief,5.661521444930251
1369,Cape Fear,6.765560787328432
1370,21,6.440472246253957
1371,Trainwreck,5.9318928788621985
1373,The English Patient,6.725431552726992
1374,L.A. Confidential,7.455443570530015
1375,Sky High,5.887465371297926
1377,Species,5.702267901844292
1378,A Nightmare on Elm Street,7.016014357928532
1379,The Cell,6.0322806504752196
1380,The Man in the Iron Mask,6.261021800853051
1382,TMNT,6.037345373222195
1384,Friends with Benefits,6.461229901484171
1385,Neighbors 2: Sorority Rising,5.668155755137815
1386,Saving Mr. Banks,7.105722324756243
1387,Malcolm X,6.769686473502269
1388,This Is 40,5.70226376345612
1390,Underworld: Rise of the Lycans,6.184762667750375
1391,License to Wed,5.629631796042772
1392,The Benchwarmers,5.639539447523841
1394,Donnie Brasco,7.1776123852886204
1395,Resident Evil,6.368547963682119
1396,Poltergeist,6.792672805120381
1397,The Ladykillers,6.033323563798265
1398,Max Payne,5.447240939232161
1399,In Time,6.66088727176037
1400,The Back-Up Plan,5.832987469652053
1401,Something Borrowed,5.985047676965863
1402,Black Knight,5.546667272928875
1404,Street Fighter,4.936000565122987
1405,The Pianist,7.786403199842245
1407,House of Wax,5.652588066303588
1408,Closer,6.5634419851518855
1409,J. Edgar,6.022192947201713
1410,Mirrors,6.030083772873435
1411,Queen of the Damned,5.743165224617875
1412,Predator 2,5.946798255408159
1413,Untraceable,5.995476356170979
1414,Blast from the Past,6.198250659310151
1416,Jersey Girl,5.922607707980131
1417,Alex Cross,5.535813675642752
1419,Heist,5.809150662692356
1420,Nanny McPhee and the Big Bang,6.0322806504752196
1422,The X Files: I Want to Believe,5.683588808006428
1423,Ella Enchanted,5.967202851888204
1424,Concussion,6.798355686643547
1425,Abduction,5.696705950224809
1426,Valiant,5.646085779721005
1428,Superhero Movie,5.356287160372757
1429,Broken City,5.81130473003487
1431,Premium Rush,6.176251468105786
1432,Hot Pursuit,5.584422127515729
1434,Parker,5.754532731638386
1435,Wimbledon,6.041023326645592
1444,The Young Victoria,6.616984410177509
1446,The Tree of Life,6.421571453738848
1448,Sabotage,5.676152299327686
1450,Punisher: War Zone,5.818639539638701
1452,The Walk,6.760000233384124
1454,A Good Year,6.338108642683906
1462,Biutiful,6.594411248039682
1463,Bandidas,5.926679550680577
1465,The Maze Runner,6.961944401796089
1466,Unfinished Business,5.462451020664636
1468,The Fountain,6.6433712961100495
1470,Stolen,5.502694847096499
1471,Ponyo,7.215039032272932
1472,The Longest Ride,7.081493700130002
1473,The Astronaut's Wife,5.732638683985424
1475,Playing for Keeps,5.742442771513416
1478,A Few Good Men,6.8870146730835184
1480,Big Momma's House,5.756086796854079
1482,The Darkest Hour,5.2313356768023755
1483,Step Up Revolution,6.540935764441953
1484,Snakes on a Plane,5.41852502249846
1486,The Punisher,6.098162154314558
1487,Goal!: The Dream Begins,6.347696229321084
1488,Safe,6.252766263509548
1490,Return of the Jedi,7.813298023769158
1491,Doomsday,5.9148165827238675
1492,The Reader,6.9515842714397635
1493,Wanderlust,5.595962347327301
1494,Elf,6.340802222969618
1495,Phenomenon,6.154588380768589
1497,Scrooged,6.471456506350197
1498,Nacho Libre,5.794714337489684
1499,Bridesmaids,6.449451643707212
1500,This Is the End,6.281172057235494
1501,Stigmata,6.045409468488202
1502,Men of Honor,6.726136478137192
1503,Takers,6.034436115212834
1504,The Big Wedding,5.8420035692894805
1505,"Big Mommas: Like Father, Like Son",5.639708606695024
1506,Source Code,7.01927754480875
1507,Alive,6.4654520795876405
1508,The Number 23,6.261021800853051
1512,A History of Violence,6.722080896409441
1513,Transporter 2,6.180447775053143
1514,The Quick and the Dead,6.22622404300434
1517,Repo Men,6.170362943238447
1520,The Incredible Burt Wonderstone,5.4941192038257265
1525,Apocalypse Now,7.8042184788073685
1526,Going the Distance,6.043582125691897
1528,Criminal,5.816364035945546
1529,Out of Africa,6.5849422499394406
1530,Flight,6.463834081686367
1531,Moonraker,5.958196284109372
1532,The Grand Budapest Hotel,7.905692115369977
1534,Arachnophobia,6.162066342019271
1535,Frequency,6.693917240270979
1536,Vacation,6.182279941586623
1537,Get Shorty,6.265289229923413
1538,Chicago,6.691842452268501
1539,Big Daddy,6.098342627449434
1540,American Pie 2,6.01371774317218
1541,Toy Story,7.631351801684025
1542,Speed,6.717572010143148
1543,The Vow,6.860379788264969
1545,Remember the Titans,7.108958633019767
1546,The Hunt for Red October,6.981594225225565
1547,The Butler,7.005134967416821
1548,DodgeBall: A True Underdog Story,6.179161444464533
1549,The Addams Family,6.568107402094989
1550,Ace Ventura: When Nature Calls,6.098620926888211
1551,The Princess Diaries,6.42381583185125
1553,Se7en,8.02136005274481
1554,District 9,7.221526214119124
1555,The SpongeBob SquarePants Movie,6.523436732347186
1556,Mystic River,7.386155894066911
1557,Million Dollar Baby,7.558698697258366
1558,Analyze This,6.301978748602808
1559,The Notebook,7.585572476217102
1560,27 Dresses,6.098483360650349
1561,Hannah Montana: The Movie,6.031667129340457
1564,Legends of the Fall,6.895152595396807
1565,Up in the Air,6.600805775325607
1566,About Schmidt,6.460737548524076
1567,Warm Bodies,6.374942956864868
1568,Looper,6.575802983874467
1570,Babe,6.022376359988504
1571,Hope Springs,5.932293480672202
1572,Forgetting Sarah Marshall,6.348585868137081
1573,Four Brothers,6.530356670390585
1576,Bride Wars,5.941393507304191
1578,13 Going on 30,6.266059983647583
1579,Midnight in Paris,7.26186980515455
1580,The Nut Job,5.751191906983524
1581,Blow,7.201971853394892
1583,Star Trek V: The Final Frontier,5.789296753631543
1585,The Naked Gun 33⅓: The Final Insult,6.235397244006446
1586,A View to a Kill,6.029231196314268
1587,The Curse of the Were-Rabbit,6.610547057481631
1588,P.S. I Love You,6.743366597746595
1590,Atonement,7.160638875754573
1591,Letters to Juliet,6.484248609572136
1592,Black Rain,6.146988109767516
1594,Corpse Bride,7.077717386786695
1596,Sicario,7.101795668226659
1597,Southpaw,7.176698660499076
1598,Drag Me to Hell,6.178901179407887
1599,The Age of Adaline,7.26186980515455
1600,Secondhand Lions,6.516485487815905
1601,Step Up 3D,6.4539293959227315
1603,Stranger Than Fiction,6.852259745260326
1604,30 Days of Night,6.174710894679514
1605,The Cabin in the Woods,6.4616334333342165
1606,Meet the Spartans,4.646397839173186
1607,Midnight Run,6.649598977735461
1608,The Running Man,6.322878802205621
1609,Little Shop of Horrors,6.407205680886708
1610,Hanna,6.436021573076684
1612,Larry Crowne,5.855152047927395
1613,Carrie,5.840435993208995
1617,9,6.5202807725242975
1618,Side Effects,6.35356888091712
1619,The Prince & Me,5.9880318059822075
1620,Winnie the Pooh,6.462596990809072
1626,My Super Ex-Girlfriend,5.248538133632013
1627,Deliver Us from Evil,5.948821963750134
1628,Sanctum,5.919617276078176
1630,The Five-Year Engagement,5.833179648076405
1632,The Next Three Days,6.733473961814801
1633,Ultraviolet,5.238182274846858
1634,Assault on Precinct 13,6.03967090928365
1637,Eight Legged Freaks,5.7069062574884395
1638,Love & Other Drugs,6.518705937649095
1639,88 Minutes,5.868175759979695
1641,The Whole Ten Yards,5.771267673428602
1642,Splice,5.653598583298976
1644,Pride and Glory,6.19717961361868
1648,Fright Night,6.025847633017747
1649,The New World,6.27196516189181
1652,Dragonball Evolution,3.9762701814474495
1653,The Last Stand,5.761399278127165
1658,The Imaginarium of Doctor Parnassus,6.255761156221805
1660,Runner Runner,5.678869301373872
1662,Glory,6.90268659622795
1663,Once Upon a Time in America,7.820138279500668
1664,Dead Man Down,5.951730030319442
1671,The Assassination of Jesse James by the Coward Robert Ford,6.788981519751605
1673,Little Nicholas,5.9834756311809105
1674,Wild Card,5.582559277742843
1675,Machine Gun Preacher,6.261152238903787
1682,Sausage Party,5.646769234318185
1683,Pitch Perfect 2,6.72352198458339
1684,Walk the Line,7.00216192703974
1687,Frost/Nixon,6.737584931561052
1688,Confessions of a Dangerous Mind,6.366000620527201
1690,The Boss,5.708949424127437
1693,Seed of Chucky,5.43670558710512
1694,The Jacket,6.558927994882424
1695,Aladdin,7.315820409879176
1696,Straight Outta Compton,7.462364978911242
1697,Indiana Jones and the Temple of Doom,7.021472253471112
1699,Along Came a Spider,6.097102860580902
1700,Florence Foster Jenkins,6.409665576505379
1701,Once Upon a Time in Mexico,6.169433433617458
1702,Die Hard,7.420908514575394
1703,Role Models,6.309462223365299
1704,The Big Short,7.2001267827124815
1707,Dawn of the Dead,6.667034625474718
1708,The Wedding Planner,5.710211958412194
1709,Space Pirate Captain Harlock,6.3378347148373475
1710,The Royal Tenenbaums,7.19793577677112
1711,Identity,6.917253330608698
1712,Last Vegas,6.330038990782275
1713,For Your Eyes Only,6.232634919267411
1714,Serendipity,6.442143275752477
1715,Timecop,5.769168890655459
1716,Zoolander,6.098829717855517
1717,Safe Haven,6.720567406870391
1718,Hocus Pocus,6.297535859021066
1719,No Reservations,6.096726541759559
1720,Kick-Ass,7.0514672779649334
1721,30 Minutes or Less,5.750992580246569
1723,"Alexander and the Terrible, Horrible, No Good, Very Bad Day",6.097472962182517
1724,Pride & Prejudice,7.462812502491446
1725,Blade Runner,7.7865278623047205
1727,3 Days to Kill,6.019374164998991
1728,We Own the Night,6.328244294747083
1731,Just My Luck,5.894573438662359
1733,The Spy Next Door,5.739931580118746
1735,Ghosts of Mars,5.3718650027662385
1737,Pride and Prejudice and Zombies,5.659040361678712
1739,How to Lose Friends & Alienate People,6.147098781772177
1740,Kick-Ass 2,6.280138396286651
1742,Brick Mansions,5.808423901728085
1743,Octopussy,6.166745822137628
1744,Knocked Up,6.182512295699705
1745,My Sister's Keeper,6.815678651223136
1748,Notes on a Scandal,6.496085779721006
1750,Star Trek VI: The Undiscovered Country,6.479568389612458
1752,Kiss the Girls,6.1563108904635735
1753,The Blues Brothers,7.2455079357452865
1754,The Sisterhood of the Traveling Pants 2,6.045793480906708
1756,About a Boy,6.4582664091079245
1757,Lake Placid,5.7887143495204825
1758,Lucky Number Slevin,7.202734477836247
1759,The Right Stuff,6.696085779721006
1760,Anonymous,6.206616283879297
1761,The NeverEnding Story,6.827534613151878
1762,Dark City,6.955089667421329
1763,The Duchess,6.473629661598848
1766,Case 39,6.097694632166506
1770,Money Monster,6.426446904427378
1773,Mindhunters,6.21401464167055
1777,Paul Blart: Mall Cop,5.4049465459128765
1778,Freaky Friday,6.019443731121071
1779,The 40 Year Old Virgin,6.188575435738897
1780,Shakespeare in Love,6.6386618006487605
1781,A Walk Among the Tombstones,6.181449719230507
1782,Kindergarten Cop,5.879560042258253
1783,Pineapple Express,6.513709556376625
1784,Ever After: A Cinderella Story,6.53763456856289
1785,Open Range,6.5707451035591
1786,Flatliners,6.223568570373823
1788,Red Eye,6.163275820969381
1789,Final Destination 2,5.935898502757451
1790,"O Brother, Where Art Thou?",7.089280116161004
1791,Legion,5.442662403320455
1792,Pain & Gain,6.098982475923049
1796,Brothers,6.608364419895015
1798,New Year's Eve,5.79670547373439
1800,The Raven,6.097216817653362
1808,Self/less,6.263167659478787
1809,The Constant Gardener,6.544877785995203
1810,The Passion of the Christ,6.727261434457573
1811,Mrs. Doubtfire,6.883165562140675
1812,Rain Man,7.417726500241189
1813,Gran Torino,7.679150953468494
1815,Taken,7.143453587417218
1816,The Best of Me,6.939660316468872
1817,The Bodyguard,6.097946781773295
1818,Schindler's List,8.186319087745153
1819,The Help,7.612895252433041
1820,The Fifth Estate,5.853856955707634
1821,Scooby-Doo 2: Monsters Unleashed,5.621306553018875
1823,Freddy vs. Jason,5.882823059672947
1826,Cloverfield,6.37090117315723
1827,Teenage Mutant Ninja Turtles II: The Secret of the Ooze,5.931785636216646
1828,The Untouchables,7.381136699486642
1829,No Country for Old Men,7.5833107833443085
1830,Ride Along,6.098309114401538
1831,Bridget Jones's Diary,6.439761355417267
1832,Chocolat,6.65974731574104
1833,"Legally Blonde 2: Red, White & Blonde",5.480980909262864
1835,No Strings Attached,6.098825234015883
1836,Tombstone,7.043043340846542
1837,Romeo Must Die,6.038336843307739
1838,The Omen,6.833840107551157
1839,Final Destination 3,5.856790997906429
1840,The Lucky One,6.6591535279160645
1841,Bridge to Terabithia,6.841736139813705
1842,Finding Neverland,7.021440546274947
1844,The Grey,6.357093900633969
1845,Hide and Seek,6.097274542916848
1846,Anchorman: The Legend of Ron Burgundy,6.6173381461046725
1847,GoodFellas,8.05270898497439
1848,Agent Cody Banks,5.494528548109582
1849,Nanny McPhee,6.323530989924812
1850,Scarface,7.859145559682335
1852,The Last Emperor,6.879085282150632
1853,Contraband,6.098169469123256
1855,There Will Be Blood,7.660248485591914
1859,The Sisterhood of the Traveling Pants,6.221353166616542
1860,Kiss of the Dragon,6.264278267296197
1861,The House Bunny,5.751387848781247
1863,Million Dollar Arm,6.358421693256828
1864,The Giver,6.364417273226205
1865,What a Girl Wants,5.9138645380909995
1866,Jeepers Creepers 2,5.760599843574669
1867,Good Luck Chuck,5.704948919689061
1868,Cradle 2 the Grave,5.945775618829878
1869,The Hours,6.689009207680572
1870,She's the Man,6.320154874689704
1871,Mr. Bean's Holiday,6.097951354642397
1874,August Rush,6.870504182624877
1875,Elizabeth,6.683761540367087
1876,Bride of Chucky,5.737880882852774
1879,The Sitter,5.690464850837273
1881,The Shawshank Redemption,8.432957383467874
1883,Kingpin,6.401796067784703
1884,The Gambler,5.818457990319887
1885,August: Osage County,6.635599326558318
1887,A Lot Like Love,6.326691349853297
1888,Eddie the Eagle,6.909442317487581
1891,Dear John,6.5202807725242975
1892,The Losers,6.16621375529183
1893,Don't Be Afraid of the Dark,5.682396382758459
1894,War,6.0333749098133636
1895,Punch-Drunk Love,6.651843550939703
1896,EuroTrip,6.392435820952719
1902,The Box,5.595505188063549
1903,The Ruins,5.831320632937745
1906,The Girl Next Door,6.253881318667491
1909,Legend,6.581755228864961
1910,Hot Rod,6.210876489906703
1913,Draft Day,6.3221898264728615
1917,The 33,6.0353349371433485
1918,Big Trouble in Little China,6.848042889860502
1920,Warrior,7.44927691869202
1926,The Possession,5.893670281676497
1931,The Road,6.674175731065714
1938,Blindness,6.283698257988542
1940,Carnage,6.780740304695655
1945,The Best Offer,7.297614820520632
1946,The Bad Lieutenant: Port of Call - New Orleans,6.0386101897840865
1948,Little White Lies,6.714894823526622
1952,The Counselor,5.271024621403244
1957,Dangerous Liaisons,6.566382757050555
1958,On the Road,5.759627456098643
1959,Star Trek IV: The Voyage Home,6.633371230995608
1960,Rocky Balboa,6.410430202307357
1961,Scream 2,6.098288666482672
1962,Jane Got a Gun,5.7128083009016795
1964,The Whole Nine Yards,6.166919473196961
1965,Footloose,6.3022436709038825
1966,Old School,6.446211748026897
1967,The Fisher King,6.748021382758459
1968,I Still Know What You Did Last Summer,5.4828576625104635
1970,Zack and Miri Make a Porno,6.098075644841916
1972,The Men Who Stare at Goats,5.946223455955858
1974,"Girl, Interrupted",7.229351795469531
1981,Piranha 3D,5.528137642731461
1986,Faster,6.097708986885271
1987,Howl's Moving Castle,7.977475434172899
1988,Zombieland,7.131218049265224
1989,The Waterboy,5.960455577602239
1990,The Empire Strikes Back,8.118982714502595
1991,Bad Boys,6.450444837884628
1992,The Naked Gun 2½: The Smell of Fear,6.447196307898684
1993,Final Destination,6.355152087085477
1994,The Ides of March,6.41629721962347
1995,Pitch Black,6.6294270338284935
1997,Her,7.80192989761516
1998,Joy Ride,6.212786279408702
2002,Haywire,5.7562977249579355
2008,In the Valley of Elah,6.359395799332405
2009,Coco Before Chanel,6.351892549831336
2014,1408,6.439265092819311
2015,Spaceballs,6.574371430491533
2016,The Water Diviner,6.550240715418727
2017,Ghost,6.779390290005637
2018,There's Something About Mary,6.447485104914451
2019,The Santa Clause,6.232541873575792
2021,The Game Plan,6.032670160586536
2022,The Bridges of Madison County,6.842194058820763
2023,The Animal,5.250575726287333
2024,Gandhi,7.076824728148131
2025,The Hundred-Foot Journey,6.917981583403597
2026,The Net,5.796367260558357
2027,I Am Sam,6.859686688194605
2029,Underworld,6.55655635837964
2030,Derailed,6.096679271604463
2031,The Informant!,6.0404110381881955
2034,Delivery Man,6.167761216881517
2039,Jay and Silent Bob Strike Back,6.2988256174389825
2041,"Hail, Caesar!",5.759689324137871
2043,Homefront,6.334829113935922
2045,I Heart Huckabees,6.146540752044035
2046,RoboCop 3,5.023445030497912
2050,The Transporter Refueled,5.464055814192535
2052,Black Book,6.691524055603267
2056,Before I Go to Sleep,6.1716558349763675
2060,Out of the Furnace,6.39964431043861
2061,Michael Clayton,6.369783038680534
2063,Arlington Road,6.549916279470196
2065,To Rome with Love,5.748092594710464
2067,"South Park: Bigger, Longer & Uncut",6.8900357415504185
2068,Death at a Funeral,6.640656170039444
2071,Silver Linings Playbook,6.8618566036706605
2072,Freedom Writers,6.940203581165605
2074,The Transporter,6.538069702370977
2075,Never Back Down,6.301175295722505
2080,Tinker Tailor Soldier Spy,6.488986340901277
2082,The Beaver,6.204423319899946
2084,eXistenZ,6.498817347139257
2085,Raiders of the Lost Ark,7.607596066634598
2086,Home Alone 2: Lost in New York,6.281429778125046
2087,Close Encounters of the Third Kind,7.0046964114545185
2089,Beverly Hills Cop II,6.09783056187367
2091,The Silence of the Lambs,7.999136450720152
2092,Wayne's World,6.400478002563731
2093,Jackass 3D,6.290890371747923
2094,Jaws 2,5.970452911807914
2096,The Conjuring,7.307622577838555
2098,Tammy,5.34919770948146
2099,School of Rock,6.613377996645768
2100,Mortal Kombat,5.640266346335116
2101,White Chicks,6.246564897668351
2102,The Descendants,6.577810364815118
2103,Holes,6.4688678260014125
2104,The Last Song,6.736062449454986
2105,12 Years a Slave,7.791317553458397
2108,Edward Scissorhands,7.413753992822959
2109,Me Before You,7.473314378430057
2111,The French Connection,6.932207483209852
2112,Bad Moms,6.267155559158623
2114,Return to Never Land,6.096495840893091
2115,Selma,7.107852011852541
2116,The Jungle Book 2,5.829484754898557
2118,Premonition,5.911461552709209
2120,Orphan,6.604518928120904
2121,Max,6.474482028314819
2122,Epic Movie,4.411515715630789
2123,Spotlight,7.662601957024605
2124,Lakeview Terrace,5.985693200130688
2125,The Grudge 2,5.604749645692804
2127,Bill & Ted's Bogus Journey,5.983168170292584
2130,The American,5.895894296744235
2132,Vampires Suck,5.008473302670678
2133,Babel,6.752837454627033
2134,This Is Where I Leave You,6.370486914147125
2135,Doubt,6.68158256189384
2136,Team America: World Police,6.466659571473601
2137,Texas Chainsaw 3D,5.565943309241247
2139,Scary Movie 5,4.94110925726544
2141,Milk,6.8203781776492
2142,Risen,5.873887389563911
2143,Ghost Ship,5.543029133771373
2144,A Very Harold & Kumar Christmas,6.038473031028193
2145,Wild Things,6.228071158275217
2147,The Debt,6.200732350546489
2148,High Fidelity,6.752792950717117
2151,The Bank Job,6.471953129258447
2152,Eternal Sunshine of the Spotless Mind,7.7907024225543795
2153,You Again,6.035920922833951
2154,Street Kings,6.218328288409486
2155,The World's End,6.629041389204607
2157,Daybreakers,6.024925565556815
2158,She's Out of My League,5.9594214690379905
2159,Monte Carlo,6.026159802498638
2163,The Covenant,5.600880146211994
2167,Nerve,7.001970329664268
2168,Appaloosa,6.208539918481035
2169,Vampires,5.9401230948344335
2170,Psycho,8.006129282375293
2172,Endless Love,6.516165143460583
2175,Ladyhawke,6.463960235290653
2177,Reign Over Me,6.683761540367087
2178,Into the Wild,7.677640340386851
2180,Silent Hill: Revelation 3D,5.384798075665476
2181,From Dusk Till Dawn,6.796713991549985
2184,Kung Fu Hustle,6.955778908507385
2186,The Kite Runner,6.848744541285965
2187,21 Grams,6.9742066925142
2193,Secret in Their Eyes,6.15562227052342
2194,Disaster Movie,4.529811192566048
2197,What's Your Number?,6.172031254380654
2198,Lockout,5.872274017335656
2200,Crank: High Voltage,5.941204668311016
2204,The Weather Man,6.041336481810825
2206,Ghost Town,6.261152238903787
2208,Let Me In,6.5369410005352435
2210,Be Kind Rewind,6.161548279922417
2212,Triple 9,5.712073950066737
2215,Burnt,6.2587850771889215
2218,Death Sentence,6.319850218926453
2219,Everybody's Fine,6.315337796664495
2225,Inherent Vice,6.410262468603813
2229,Machete Kills,5.514965723405165
2234,A Dangerous Method,6.168561186685945
2235,A Scanner Darkly,6.583129486921607
2240,A Most Violent Year,6.377285936579863
2244,The Cold Light of Day,5.400119202507653
2246,"Synecdoche, New York",6.800897303058231
2247,Princess Mononoke,7.976672820770457
2253,Equilibrium,6.7937662655114
2260,All Good Things,5.986680069997837
2267,Regression,5.527024776181552
2274,Survivor,5.654554485866781
2275,The Frozen Ground,6.097371880669818
2276,The Painted Veil,6.667020688242911
2278,Dances with Wolves,7.323388225190376
2279,Bad Teacher,5.489422933737698
2281,A Cinderella Story,6.098059405557882
2282,Scream,6.875312867603082
2283,Thir13en Ghosts,5.640978246620552
2284,The Shining,7.981803686490198
2285,Back to the Future,7.928992764724243
2289,The Switch,5.955208210842143
2290,Just Married,5.5913306986993305
2293,The Crazies,6.170806816208379
2294,Spirited Away,8.172677378274571
2297,The Book Thief,7.221417964246875
2298,Sex Drive,6.03753954327361
2299,Leap Year,6.296657594955533
2306,The Amityville Horror,6.026318732039943
2307,Adaptation.,6.974868632839487
2308,Land of the Dead,6.035162851410508
2310,Fear and Loathing in Las Vegas,7.030508018534422
2311,The Invention of Lying,6.028765360516431
2312,Neighbors,6.191404449277094
2313,The Mask,6.555914413176533
2314,Big,6.745407423834587
2315,Borat: Cultural Learnings of America for Make Benefit Glorious Nation of Kazakhstan,6.447166657369831
2316,Legally Blonde,6.0983530138485875
2317,Star Trek III: The Search for Spock,6.291868933436282
2318,The Exorcism of Emily Rose,6.245369481508806
2319,Deuce Bigalow: Male Gigolo,5.756280509150779
2320,Left Behind,4.596587426585124
2321,The Family Stone,6.1476452819604805
2323,Bad Santa,6.392435820952719
2324,Austin Powers: International Man of Mystery,6.423205381785956
2325,My Big Fat Greek Wedding 2,5.7498389882744565
2326,Diary of a Wimpy Kid: Rodrick Rules,6.196744855113896
2327,Predator,7.178075737314808
2328,Amadeus,7.493867518282894
2330,Mean Girls,6.825698753999559
2332,Gosford Park,6.454179452118239
2334,Birdman,7.335568200517583
2335,Blue Jasmine,6.839955226158194
2336,United 93,6.584651688486501
2337,Honey,6.040260811280432
2339,The Fog,6.267509737122477
2340,Soul Surfer,6.570988416757145
2343,Conan the Destroyer,5.911100835710149
2344,Raging Bull,7.377886032795288
2348,127 Hours,6.924906834378342
2354,Steve Jobs,6.7079979626487125
2356,Youth in Revolt,5.981516816730817
2359,Blow Out,6.697367975517777
2360,Getaway,5.482453880392667
2368,Ed Wood,6.971861637536269
2369,Labor Day,6.4325099559342185
2371,RockNRolla,6.72274539352836
2375,Midnight Special,6.172723699105354
2377,The Railway Man,6.418819520608018
2378,The White Ribbon,6.668694523405863
2387,Day of the Dead,6.524079834591828
2391,Red Lights,6.035450599785389
2392,Superbad,6.908633968509154
2395,Step Up 2: The Streets,6.390468933107283
2396,Hoodwinked!,5.963249742953604
2397,Hotel Rwanda,7.178171514074779
2398,Hitman,5.937602261839195
2402,The Others,7.237815470432124
2403,Aliens,7.590639744274638
2404,My Fair Lady,6.876423026352424
2405,I Know What You Did Last Summer,5.725445028708104
2406,Let's Be Cops,6.350247810501289
2407,Sideways,6.633745184388321
2409,Halloween,7.158000249188089
2412,Smokin' Aces,6.3059301904666745
2413,Saw: The Final Chapter,5.871150587014376
2414,40 Days and 40 Nights,5.594098339227204
2416,Beastly,6.019981841760952
2417,The Hills Have Eyes,6.098042889860502
2422,Pitch Perfect,7.185640739914936
2428,Brooklyn's Finest,6.152008175130441
2430,Evil Dead,6.363054298503
2433,Superman IV: The Quest for Peace,4.946582850757455
2435,Running Scared,6.623074764079281
2438,The Illusionist,6.971978549442634
2441,Escobar: Paradise Lost,6.096364261796191
2446,My Girl,6.678220688490004
2448,Wall Street,6.7268377931739725
2449,Sense and Sensibility,6.756491169452935
2450,Becoming Jane,6.556087529834915
2451,Sydney White,6.045987933054931
2453,Dead Poets Society,7.939510311724106
2454,Dumb and Dumber,6.454231287711973
2455,When Harry Met Sally...,7.060472840902002
2457,Road Trip,5.958121385416825
2459,The Artist,7.078941056439931
2460,The Unborn,5.3061005274481206
2461,Moonrise Kingdom,7.413210498929295
2462,The Texas Chainsaw Massacre: The Beginning,5.970895316277666
2465,Pan's Labyrinth,7.491837703439827
2469,Joe Dirt,5.791740705385477
2471,Hot Fuzz,7.273730614818765
2473,Vicky Cristina Barcelona,6.586183519098704
2477,Jennifer's Body,5.473657011631412
2480,Remember Me,6.7395268947327756
2483,Philadelphia,7.310270087055497
2484,The Thirteenth Floor,6.528646519525077
2490,Highlander,6.606356596587744
2493,The Immigrant,6.147753229832727
2495,Trance,6.419530072601908
2497,Welcome to the Sticks,6.604306254669262
2499,Enter the Void,6.781447454130021
2501,Hachi: A Dog's Tale,7.5064345883549555
2503,The Homesman,6.253266362005827
2508,Wasabi,6.151081692024851
2509,Slither,6.21152231244361
2510,Beverly Hills Cop,6.660919997047552
2511,Home Alone,7.010592795948988
2512,Three Men and a Baby,5.940697369813263
2513,Tootsie,6.610610238519623
2514,Top Gun,6.62610466449502
2515,"Crouching Tiger, Hidden Dragon",6.975955521918135
2516,American Beauty,7.78025939021107
2517,The King's Speech,7.481372720612277
2518,Twins,5.816070927542661
2520,The Color Purple,7.040593920539045
2522,The Imitation Game,7.924749969195849
2525,Diary of a Wimpy Kid,5.976542909269275
2526,Mama,6.0132398022425875
2527,National Lampoon's Vacation,6.732806692199803
2528,Bad Grandpa,6.023672477015162
2529,The Queen,6.509703868183024
2530,Beetlejuice,6.958940033632444
2533,The Woman in Black,6.098723328569655
2534,When a Stranger Calls,5.723380350832749
2536,The Deer Hunter,7.452820342966153
2537,Wag the Dog,6.417149141522521
2538,The Lizzie McGuire Movie,5.878952070813345
2539,Snitch,5.8500075138156395
2540,Krampus,5.955140801549295
2541,The Faculty,6.165144864468877
2543,Cop Land,6.406580739819891
2544,Not Another Teen Movie,5.708949424127437
2545,End of Watch,7.014704851579269
2547,The Theory of Everything,7.686819040177347
2550,Lawrence of Arabia,7.430442280358078
2551,Halloween II,5.564462781810503
2552,Wild,6.820118310682018
2553,The Last House on the Left,6.162459728102034
2556,The Princess Bride,7.394108260586212
2558,Drive,7.322388968805271
2561,28 Weeks Later,6.43307284669614
2565,Grosse Pointe Blank,6.527765326409554
2566,All About Steve,5.317283615979005
2568,The Craft,6.220585880437191
2569,Match Point,7.088179340648412
2570,Ramona and Beezus,6.096167325976818
2572,Boogie Nights,7.179107969416947
2575,The Hills Have Eyes 2,5.557782110015141
2579,Keanu,6.033018775104988
2582,The Place Beyond the Pines,6.711896354061903
2583,The November Man,6.024782970788184
2585,The Hurt Locker,7.074535092274155
2587,Killing Them Softly,5.870276680111435
2588,A Most Wanted Man,6.376495253181536
2594,One Day,6.824122272439301
2595,Whip It,6.458716750792015
2602,The Man with the Iron Fists,5.55355871242643
2605,Brazil,7.198138974880359
2607,The Big Lebowski,7.6730339501641485
2608,Black Snake Moan,6.350335390102244
2616,In Bruges,7.210634822223581
2620,Promised Land,6.045314469600152
2621,Whatever Works,6.515658660630551
2625,Kiss Kiss Bang Bang,6.967761210052519
2627,Mulholland Drive,7.3930258857878925
2629,You Will Meet a Tall Dark Stranger,5.941276371335129
2630,Never Let Me Go,6.628868638342461
2635,Funny Games,6.237385021113939
2638,Metropolis,7.497377036400081
2639,District B13,6.380200395586091
2645,Centurion,5.972721926680954
2647,The Midnight Meat Train,6.041257745654995
2654,Automata,5.727801454661738
2659,Groundhog Day,7.27880927305555
2660,Magic Mike XXL,6.248098104642797
2661,Romeo + Juliet,6.611224559645042
2664,Unforgiven,7.419703498864148
2666,Slumdog Millionaire,7.484278352863773
2667,Fatal Attraction,6.373118472374283
2668,Pretty Woman,6.892307075451223
2669,Crocodile Dundee II,5.7586622982692806
2671,Born on the Fourth of July,6.473270343601385
2672,Cool Runnings,6.570881978607263
2673,My Bloody Valentine,5.648614824848076
2675,The Spy Who Loved Me,6.43916484699309
2676,Urban Legend,5.820305364702614
2680,The Iron Lady,6.166745822137628
2688,A Perfect Getaway,6.156758219230159
2696,Jason X,5.211331400130937
2700,The Diving Bell and the Butterfly,6.806680147623307
2701,Little Children,6.500337508355521
2716,Flipped,6.929341985404093
2717,Brokeback Mountain,7.307090563538701
2718,Clueless,6.717110131472904
2720,Hot Tub Time Machine 2,5.43575605512542
2722,Seven Psychopaths,6.600874612400328
2724,Downfall,7.402956223639052
2726,Under the Skin,6.016200685466621
2727,"Good Morning, Vietnam",6.829943348311144
2730,Black Swan,7.23915548048636
2731,The Godfather: Part II,8.154788781547404
2732,Save the Last Dance,6.216797813405234
2733,A Nightmare on Elm Street 4: The Dream Master,5.9330626288156445
2735,"Dude, Where’s My Car?",5.481801500630205
2736,Young Guns,6.35793167640745
2737,St. Vincent,6.862685687844562
2739,10 Things I Hate About You,7.153388593217393
2742,The Shallows,6.185938022457754
2743,The Butterfly Effect,7.176322577982079
2749,Child's Play 2,5.926446255007132
2751,The Mist,6.612582813016446
2752,Ex Machina,7.528732967914093
2753,Being John Malkovich,7.087545147057539
2755,Earth to Echo,5.87554345994071
2757,Letters from Iwo Jima,6.864510717099062
2760,Room,7.942299571012324
2768,21 & Over,5.7948151404000745
2771,Admission,5.701781663207556
2773,Chloe,5.961610254391369
2776,The Perks of Being a Wallflower,7.582035690436739
2780,The Vatican Tapes,5.333598988428603
2781,Attack the Block,6.249545781476108
2783,The Call,6.520013616936241
2786,I Love You Phillip Morris,6.301978748602808
2790,True Romance,7.1637808094195865
2792,Glengarry Glen Ross,6.907097341342065
2797,Lars and the Real Girl,6.781667092028053
2798,The Boy in the Striped Pyjamas,7.475895798617362
2799,Dancer in the Dark,7.021013589001426
2803,Machete,6.264736690591244
2805,The Land Before Time,6.756183218821569
2808,The Exorcist,7.352303712709317
2809,Jaws,7.38086435594846
2810,American Pie,6.371418536732072
2812,The Golden Child,5.814583147437611
2813,Think Like a Man,6.532093636567582
2815,Star Trek II: The Wrath of Khan,6.988088259855904
2816,Ace Ventura: Pet Detective,6.361582749054101
2817,WarGames,6.71131301281309
2818,Witness,6.650262813883398
2819,Act of Valor,6.225092509921583
2820,Step Up,6.58969908607635
2822,Jackie Brown,7.137713159787806
2823,Harold & Kumar Escape from Guantanamo Bay,6.165382945995727
2824,Chronicle,6.54500475413312
2826,Time Bandits,6.353430405927423
2828,Project X,6.446726134779808
2829,Patton,6.791326732023069
2830,One Hour Photo,6.421881069356526
2831,Quarantine,5.742439575729744
2832,The Eye,5.769690535792389
2836,Frida,6.840712486195587
2838,The Fault in Our Stars,7.5112820021203985
2839,Rounders,6.618338748470138
2842,Stir of Echoes,6.330372241537828
2843,Philomena,7.0224328212148315
2846,Aquamarine,5.914624902285263
2847,Paper Towns,6.099153000215871
2849,Nebraska,7.047141580331656
2852,Young Adult,5.7930890091300045
2853,Crank,6.513896332228623
2859,Girl with a Pearl Earring,6.281797902726916
2860,Das Boot,7.399009807156689
2862,About Time,7.625656088822273
2863,House of Flying Daggers,6.748605810784677
2864,Arbitrage,6.096522337370269
2865,Project Almanac,6.338065339442528
2877,The Host,6.514974503198022
2881,The Great Beauty,7.002785671695155
2883,Stoker,6.41419902996318
2902,Triangle,6.675868142230074
2905,Snatch,7.579936547972314
2907,Pet Sematary,6.287321365216313
2911,Gremlins,6.796319124232045
2912,Star Wars,8.031208677134986
2913,Dirty Grandpa,5.756161070364945
2914,Doctor Zhivago,6.76236580180264
2915,Trash,6.603480747314197
2916,High School Musical 3: Senior Year,6.176004087565221
2917,The Fighter,7.048727667907538
2918,Jackass Number Two,6.264278267296197
2919,My Cousin Vinny,6.841454469255044
2920,If I Stay,7.122932199918199
2924,Phone Booth,6.589869172296741
2925,A Walk to Remember,7.235961944508278
2926,Dead Man Walking,6.803776777043483
2927,Cruel Intentions,6.487627416637356
2928,Saw VI,6.022633559528603
2935,Brooklyn,7.020207400876293
2936,Barry Lyndon,7.189405833066044
2941,Frailty,6.62506206760786
2942,Woman in Gold,6.87949676513907
2944,Army of Darkness,7.035470937995221
2946,What's Eating Gilbert Grape,7.213310499539752
2951,Inside Llewyn Davis,6.956464281074718
2958,Saw V,5.942805987174287
2960,LOL,5.940466233395048
2964,The Last Days on Mars,5.590428894727882
2966,2001: A Space Odyssey,7.768592736303395
2967,E.T. the Extra-Terrestrial,7.218995524106413
2974,The Bélier Family,6.786873443025847
2975,Good Will Hunting,7.760525382951042
2977,Saw III,6.098591360236503
2978,Stripes,6.301984124935688
2979,Bring It On,5.88550475276323
2980,The Purge: Election Year,6.098806175515167
2981,She's All That,5.841133715878826
2982,Saw IV,5.939683933628183
2983,White Noise,5.83318612191305
2985,The Color of Money,6.428441666290633
2988,The Grudge,5.862418469517157
2989,Happy Gilmore,6.403192238857448
2990,Jeepers Creepers,6.0980736298103375
2991,Bill & Ted's Excellent Adventure,6.492685510114475
2993,The Best Exotic Marigold Hotel,6.626455787419125
2995,Mad Max Beyond Thunderdome,5.945941318890004
2996,Commando,6.325957335177966
2997,The Boy,5.851354013813666
2998,Devil,5.865328559913295
3000,Insidious: Chapter 3,6.179195662125512
3003,Nick and Norah's Infinite Playlist,6.2821829258450705
3004,Dogma,6.642779127097233
3007,Road House,6.199713175500765
3012,The Outsiders,6.539088054123333
3013,Pete's Dragon,6.172276057405769
3014,The Dead Zone,6.552308271921013
3015,Sinister 2,5.599338623123619
3018,The Fourth Kind,5.901568515486497
3023,Rushmore,7.136838986244646
3024,Skyline,5.140916868556433
3025,The Second Best Exotic Marigold Hotel,6.203669263252214
3030,Tremors,6.491410661027182
3031,Wrong Turn,6.024896915481463
3034,Mud,6.836270388694453
3039,My Week with Marilyn,6.413822646597305
3042,The Gift,6.588754140552082
3045,Office Space,7.1608251490030135
3047,Big Eyes,6.683759829817521
3053,Movie 43,4.785329764020226
3055,Seeking a Friend for the End of the World,6.247765044351736
3057,American History X,8.047634671322323
3058,The Collection,5.986183810055101
3061,The Straight Story,7.001590233768711
3063,Bad Words,6.2728652310525
3064,"Run, Fatboy, Run",6.146427730378166
3068,Rescue Dawn,6.567531202222194
3075,Crash,7.011893292246295
3081,The Forest,5.244597827919286
3083,While We're Young,5.911100835710149
3088,The Iceman,6.279433860781454
3091,Killer Joe,6.354788358286171
3099,Shaolin Soccer,6.435620270618282
3139,Adventureland,6.325576457272503
3143,You Only Live Twice,6.374882919672157
3145,Amour,6.978992624360429
3149,Volver,6.857192381386698
3155,Melancholia,6.809518139704351
3158,Alien,7.809704636869049
3159,The Texas Chain Saw Massacre,6.884436747234997
3160,The Runaways,6.200123346562112
3162,Thunderball,6.379749456046264
3167,Child's Play,6.24014744665303
3168,Sicko,6.696085779721006
3169,The Purge: Anarchy,6.545482099803048
3171,Harold & Kumar Go to White Castle,6.471401203091458
3174,Trading Places,6.856588197809735
3189,The Wailing,6.6632171473585
3202,Crocodile Dundee,6.233821567030993
3206,Polisse,7.083000608593986
3207,Awake,6.222476692807734
3210,The Lost Boys,6.584812828549641
3211,Crazy Heart,6.473202979310162
3216,Election,6.417149141522521
3218,The DUFF,6.693166548791826
3224,All Is Lost,6.468278494998755
3232,Pulp Fiction,8.240108543976554
3234,Nightcrawler,7.502385762112636
3236,The Sound of Music,7.138656731691219
3237,Splash,6.096691216670633
3238,Little Miss Sunshine,7.327777364117059
3239,Stand by Me,7.571576731057982
3240,28 Days Later,6.982286439596855
3242,Escape from Alcatraz,6.872940096066424
3245,50/50,6.857393259671706
3247,That Awkward Moment,6.098515186819106
3251,On Her Majesty's Secret Service,6.361302918189396
3252,New Nightmare,6.262472084541583
3257,American Psycho,7.176645074519284
3260,The Boondock Saints II: All Saints Day,5.991049025138857
3262,Enough Said,6.395300714354841
3263,Easy A,6.64157886154146
3271,Anomalisa,6.692594115949385
3276,It's Kind of a Funny Story,6.690694946492694
3282,Begin Again,7.109375632282654
3296,Akira,7.401845552052453
3307,Driving Miss Daisy,6.6353167802886714
3309,Rumble in the Bronx,6.298232245197626
3311,Thank You for Smoking,6.836552076161148
3312,Hostel: Part II,5.768110925100105
3313,An Education,6.541708565945454
3328,Persepolis,7.148409221122442
3329,The Hole,5.841462038557145
3330,The Wave,7.192528175156945
3331,The Neon Demon,6.3355261287601365
3332,Harry Brown,6.454991966498923
3334,Juno,6.913941232944281
3336,Diamonds Are Forever,6.238020706178772
3337,The Godfather,8.31149809341855
3338,Flashdance,6.09657414612453
3339,(500) Days of Summer,7.117062859658768
3340,The Piano,6.6410083652497525
3341,Magic Mike,6.098557110955978
3343,Live and Let Die,6.3058077037355105
3345,"Definitely, Maybe",6.532936042653652
3347,"Good Night, and Good Luck.",6.4725596780883325
3348,Capote,6.531276763277662
3349,Desperado,6.650950104362789
3350,Logan's Run,6.363214913628715
3351,The Man with the Golden Gun,6.23565259086808
3353,The Descent,6.66585509392651
3357,The Devil's Rejects,6.385745631003362
3358,Dope,6.918855633335716
3360,House of 1000 Corpses,6.0400375535469
3362,A Serious Man,6.433788741600101
3366,A Single Man,6.893352888923886
3380,We Need to Talk About Kevin,7.063004732970255
3386,The Visitors,6.738412696899042
3399,The Boondock Saints,6.95714581760156
3404,Pale Rider,6.561029457754882
3406,Dazed and Confused,7.024279115487619
3407,High School Musical 2,6.098293429006375
3413,House at the End of the Street,5.746405463884648
3414,Incendies,7.304986437631474
3417,Elite Squad,7.256915177901046
3418,Annabelle,5.666016162368077
3420,Boyz n the Hood,6.886912047527334
3430,Shame,6.807802086908895
3431,Layer Cake,6.731310222252988
3433,The East,6.322519104571986
3439,The Terminator,7.234943918512234
3440,"Good bye, Lenin!",7.025652029803743
3442,The Return of the Living Dead,6.734582303722853
3443,Mallrats,6.534705448913673
3444,Grease,7.056641143429996
3445,Platoon,7.270250219770051
3446,Fahrenheit 9/11,6.5368042982102414
3447,Butch Cassidy and the Sundance Kid,7.052723521433755
3448,Mary Poppins,7.183258333193845
3450,West Side Story,6.658109481520629
3451,Caddyshack,6.40110052744812
3454,The Usual Suspects,7.964763633267089
3455,A Nightmare on Elm Street 5: The Dream Child,5.789917325976818
3456,National Lampoon’s Van Wilder,5.941317764381402
3457,The Wrestler,7.070170296735928
3460,Escape from New York,6.697612277685366
3466,Sliding Doors,6.337284068707763
3468,The Last King of Scotland,7.012434194790508
3470,Bernie,6.327315885529501
3474,The Words,6.2821829258450705
3477,The Guard,6.525964277543448
3479,The Virgin Suicides,6.8748672209780155
3482,Wish I Was Here,6.264785638259575
3490,The Wild Bunch,6.882713191232536
3511,Videodrome,6.756255901986753
3512,The Spanish Apartment,6.574172288361023
3520,Bend It Like Beckham,6.16883187757549
3524,[REC]²,6.30008331003988
3526,The Sting,7.404271081060529
3530,Don Jon,5.923693765198779
3531,High Plains Drifter,6.800897303058231
3532,Ghost World,6.741694881193453
3535,The Chorus,7.0652566576463505
3538,Do the Right Thing,6.927628684001656
3541,Irreversible,6.793609723763095
3548,Headhunters,6.726435830392543
3554,Insidious: Chapter 2,6.433720827433522
3555,Saw II,6.267133456573939
3556,10 Cloverfield Lane,6.738461086373982
3557,Jackass: The Movie,6.096828131842884
3558,Lights Out,6.264193780402399
3559,Paranormal Activity 3,5.949956102288576
3560,Ouija,5.130016680187909
3561,A Nightmare on Elm Street 3: Dream Warriors,6.337284068707763
3563,Paranormal Activity 4,5.46273222615147
3566,Freddy's Dead: The Final Nightmare,5.559882281003693
3567,Monster,6.7036948839845465
3569,Paranormal Activity: The Marked Ones,5.506520930510048
3570,The Elephant Man,7.454675384139279
3571,Dallas Buyers Club,7.763877063911846
3572,The Lazarus Effect,5.41508150874172
3573,Memento,7.989317456361452
3574,Oculus,6.26199246417811
3575,Clerks II,6.600095286680684
3576,Billy Elliot,7.087980016719667
3577,The Way Way Back,6.843402293032365
3583,Our Idiot Brother,5.975267194114787
3584,Race,6.767826530811883
3586,"As Above, So Below",6.098162154314558
3589,Still Alice,7.252920325966297
3593,My Big Fat Greek Wedding,6.172031254380654
3594,Spring Breakers,5.143706784137107
3596,Y Tu Mamá También,6.783927848125223
3597,Shaun of the Dead,7.37538994970579
3604,Apollo 18,5.434281415344962
3605,Sunshine Cleaning,6.304408809120148
3606,No Escape,6.5588540676569895
3609,Fifty Shades of Black,5.044099499061613
3622,Once Upon a Time in the West,7.753822682662415
3624,Moon,7.425362403385348
3631,Heavenly Creatures,6.596711373287094
3635,The Machinist,7.108475247279941
3637,Kill the Messenger,6.397729349947241
3640,Green Room,6.544401216197029
3643,Bottle Rocket,6.477636272226497
3648,Tucker and Dale vs Evil,7.0376712721523775
3653,The Visit,6.013580135717161
3676,The Awakening,6.229524266188849
3677,Hostel,5.782139319490973
3679,Take Shelter,6.764533026159876
3685,Only God Forgives,5.705433287574177
3694,Police Academy,6.385496196498056
3695,The Blue Lagoon,5.906781207572119
3696,Four Weddings and a Funeral,6.462353306192472
3697,Fast Times at Ridgemont High,6.616984410177509
3699,25th Hour,6.898680921838974
3701,Requiem for a Dream,7.741359341474561
3706,Donnie Darko,7.597521105633001
3711,Sympathy for Lady Vengeance,6.879966694532779
3717,After.Life,5.734692009195212
3719,One Flew Over the Cuckoo's Nest,8.042948736990764
3731,High School Musical,6.098510377707589
3737,Night of the Living Dead,7.094061737998617
3738,Lost in Translation,7.166741932614493
3739,Annie Hall,7.477638808408733
3741,Monster's Ball,6.302392405090458
3742,Maggie,5.453212942595257
3743,Leaving Las Vegas,6.7019501117123905
3746,The Boy Next Door,4.472442574756462
3748,The Kids Are All Right,6.370661695639504
3749,They Live,6.798293396775633
3750,The Great Escape,7.378424702173186
3753,Boyhood,7.350027342007649
3754,Scoop,6.289557735066982
3761,The Orphanage,6.827143221738333
3762,A Haunted House 2,5.679966121288938
3766,Four Rooms,6.374719367933167
3767,Secretary,6.46621983055462
3774,Red State,5.981960646948952
3778,The Art of Getting By,6.352554333029034
3783,Joe,6.332740517397683
3789,Trust,6.37981608204589
3792,Adore,6.096502502792534
3795,Stake Land,6.151269839363217
3812,Network,7.086623890371547
3813,Gone with the Wind,7.386440096654667
3817,Four Lions,6.6757755569435755
3823,Midnight Cowboy,6.8244575214772905
3824,The Full Monty,6.521839994095105
3825,Airplane!,6.919068232596541
3827,Friday,6.710921838033703
3835,The Witch,6.270737157860318
3839,The Secret in Their Eyes,7.333867963378482
3841,Evil Dead II,7.237318645311026
3843,Sharknado,4.557609446510369
3845,Troll Hunter,6.525379359986397
3854,"Batman: The Dark Knight Returns, Part 2",7.250398037414179
3861,March of the Penguins,6.579865626423056
3862,Margin Call,6.511805423542652
3865,Whiplash,8.184419763080614
3866,City of God,7.869721969970167
3870,The Hunt,7.534389256857894
3871,A Christmas Story,6.869188802191491
3877,Rosemary's Baby,7.198688812813181
3878,The Man Who Shot Liberty Valance,6.785320632937745
3881,Beginners,6.514192983623492
3883,Animal House,6.6732929808099115
3884,Goldfinger,6.9869560691234645
3886,It's a Wonderful Life,7.658017022478164
3887,Trainspotting,7.661128137186461
3889,Paranormal Activity 2,5.796301271127349
3891,Bowling for Columbine,6.887442320448942
3893,A Nightmare on Elm Street Part 2: Freddy's Revenge,5.854631403471263
3895,The Purge,6.008133802654477
3896,Sinister,6.620995750259333
3899,Beneath the Planet of the Apes,6.157483752464552
3903,The Bridge on the River Kwai,7.213719841015281
3906,The Apartment,7.442841666391187
3910,Slow West,6.401761323037995
3918,Before Midnight,7.017260668080789
3928,Willy Wonka & the Chocolate Factory,7.1024785251392775
3935,Frances Ha,6.75113847667047
3939,Tusk,5.4879539375522
3940,Oldboy,7.794339594710492
3946,Fish Tank,6.508577972100769
3949,Bachelorette,5.574168360042522
3980,High Tension,6.3641508230610135
3984,Some Like It Hot,7.570144119337366
3986,The Wizard of Oz,7.236260157948255
3987,Young Frankenstein,7.353039776371784
3997,Blazing Saddles,6.891540659323309
3998,Friday the 13th: The Final Chapter,5.995678636586595
3999,Ida,6.621535992866409
4003,Timecrimes,6.607109238432546
4006,Singin' in the Rain,7.382806981776375
4008,A Haunted House,5.616591633114345
4012,Escape from the Planet of the Apes,6.202124882703151
4016,Garden State,6.822345036891996
4017,Before Sunrise,7.383551353826527
4022,Robot & Frank,6.557168345210033
4024,The Spectacular Now,6.670350987115255
4033,Super,6.423462006610758
4039,Idiocracy,6.245673321989847
4041,This Is England,6.8860540409178475
4050,Fantasia,6.950393400257788
4052,Friday the 13th Part III,5.888466904844321
4066,[REC],6.897399757458402
4071,From Russia with Love,6.709206348209922
4074,It Follows,6.5422643040488015
4076,To Kill a Mockingbird,7.497377036400081
4077,Mad Max 2: The Road Warrior,7.061879460124893
4078,The Legend of Drunken Master,6.654214499934743
4079,Boys Don't Cry,6.7572454361715515
4081,The Lives of Others,7.543889619839793
4083,The Hustler,6.854021718881837
4088,Before Sunset,7.228185012034494
4089,Amores perros,7.1312967149059165
4090,Thirteen,6.451150377123472
4092,Winter's Bone,6.592075395586091
4096,Inside Job,6.974779878059257
4097,We Are Your Friends,6.2453083051163185
4098,Ghost Dog: The Way of the Samurai,6.711557817014771
4104,Waltz with Bashir,7.036996799370481
4107,The Diary of a Teenage Girl,6.476381938655393
4131,Circle,6.038134359980409
4132,Eden Lake,6.477161180138648
4137,Grave Encounters,6.0970135007611574
4162,Buried,6.487627416637356
4163,Submarine,6.94669663195999
4167,Man on Wire,6.85129473817426
4170,The Last Exorcism,5.805435730850572
4171,Nowhere Boy,6.656493353797229
4172,A Streetcar Named Desire,6.913295186955179
4173,Dr. Strangelove or: How I Learned to Stop Worrying and Love the Bomb,7.732653736713699
4175,Beasts of the Southern Wild,6.539279492897919
4189,Run Lola Run,6.910411920432561
4193,Conquest of the Planet of the Apes,6.096094090167458
4195,I Spit on Your Grave,6.235225883910971
4209,The Conversation,6.954959335204073
4215,Bloodsport,6.400435311820857
4216,Mr. Smith Goes to Washington,7.007479656447211
4217,Kids,6.476381938655393
4224,Insidious,6.7156492477022685
4229,The To Do List,5.741179058004979
4234,Session 9,6.1478607334750475
4238,Modern Times,7.6675163304022655
4248,The Lords of Salem,5.5888056949032965
4249,Housebound,6.338381646659144
4259,Snow White and the Seven Dwarfs,6.811661385048336
4268,"Lock, Stock and Two Smoking Barrels",7.324301814375397
4281,Rebecca,7.038284267020793
4282,Friday the 13th Part 2,6.039382393579769
4291,Saw,7.0923771461218985
4292,Super Troopers,6.400101032611177
4300,Reservoir Dogs,7.885976682723518
4302,"The Good, the Bad and the Ugly",7.914674122729329
4319,Waiting...,6.146314229806933
4326,The Raid,7.07996923757277
4329,Casablanca,7.643609122793526
4333,Rocky,7.336703018987597
4336,Unfriended,5.608549388821274
4337,Taxi Driver,7.838144518580821
4339,Dr. No,6.738434311888403
4340,Chernobyl Diaries,5.29019542683687
4341,Hellraiser,6.622456603024668
4345,Blue Valentine,6.731253614638998
4347,The Devil Inside,5.305553956677812
4350,An Inconvenient Truth,6.406091186149944
4353,The Green Inferno,5.439486843268618
4359,The Skeleton Twins,6.428956957246438
4360,Martha Marcy May Marlene,6.421016243103267
4376,Palo Alto,6.275918210066677
4379,I Origins,7.245115806216389
4432,On the Waterfront,7.242669453494718
4436,Hard Candy,6.622286662894094
4439,Fruitvale Station,6.845856506350197
4441,Bambi,6.698573363700532
4452,A Separation,7.1632959040751025
4464,Dead Snow,6.096630616243356
4467,American Graffiti,6.560394126062384
4470,Safety Not Guaranteed,6.5897096289113435
4479,High Noon,6.977258904163221
4485,Half Nelson,6.298232245197626
4496,The Blair Witch Project,6.262139780208429
4514,Open Water,5.695746029943406
4533,Drinking Buddies,6.03665028167322
4535,Seven Samurai,7.754950868345797
4539,Rubber,5.88963028080015
4542,Monsters,6.1691731343903555
4551,Now Is Good,6.831617683942033
4575,Napoleon Dynamite,6.518961110860421
4576,Blue Ruin,6.627633165665528
4577,Paranormal Activity,5.9291169029457595
4579,Monty Python and the Holy Grail,7.593443292058091
4586,What Happens in Vegas,5.8592921558453135
4595,The Evil Dead,7.048591954356841
4596,Maniac,6.039310919181258
4602,12 Angry Men,7.985845359476382
4604,It Happened One Night,6.959137875429161
4605,Dogtooth,6.5651857433313445
4631,Chasing Amy,6.486168138426456
4639,Cube,6.754417420604964
4643,Like Crazy,6.282565448813106
4650,Exam,6.442559784259727
4664,Bronson,6.703884624451314
4670,Mad Max,6.517583091484028
4671,Swingers,6.459139992764083
4672,A Fistful of Dollars,7.283059317056237
4688,The Man from Earth,7.2901955710074535
4700,Another Earth,6.581706452058888
4704,Once,6.887442320448942
4723,The Gallows,5.370067645082002
4724,Eraserhead,7.040500439540102
4738,Pi,6.811522918963304
4742,Super Size Me,6.438947795504552
4758,The Signal,5.879284430102624
4773,Clerks,7.089555875221084
4796,Primer,6.687413568274214
4798,El Mariachi,6.347696229321084
